Customer_ID,Customer_Name,City,State
1,David Padilla,Miami,Florida
2,Connor Morgan,Chicago,Illinois
3,Robert Stone,Buffalo,New York
4,David Padilla,Miami,Florida
5,Connor Morgan,Chicago,Illinois
6,Robert Stone,Buffalo,New York
7,John Fields,Orlando,Florida
8,Clayton Smith,Miami,Florida
9,Richard Kelley,Los Angeles,California
10,Richard Kelley,Los Angeles,California
11,Jacqueline Hubbard,New York City,New York
12,Jessica Anderson,New York City,New York
13,Mary Taylor,Orlando,Florida
14,Mary Taylor,Orlando,Florida
15,Mary Taylor,Orlando,Florida
16,Walter Crawford,Springfield,Illinois
17,Walter Crawford,Springfield,Illinois
18,Lawrence Robinson,Rochester,New York
19,Lawrence Robinson,Rochester,New York
20,Douglas Pennington,Dallas,Texas
21,Ricardo Andrews,San Diego,California
22,Paul Raymond,San Diego,California
23,Paul Raymond,San Diego,California
24,Karen Johnson,Rochester,New York
25,Karen Johnson,Rochester,New York
26,Karen Johnson,Rochester,New York
27,Juan Erickson,Austin,Texas
28,Alexander Reed,New York City,New York
29,Jacqueline Harris,San Francisco,California
30,Tyler Park,San Francisco,California
31,Richard Wolfe,Columbus,Ohio
32,Sierra Rios,Orlando,Florida
33,Sierra Rios,Orlando,Florida
34,Jessica Richardson,San Diego,California
35,Kimberly Warren,Cincinnati,Ohio
36,Jessica Richardson,San Diego,California
37,Kimberly Warren,Cincinnati,Ohio
38,Casey Garcia,Orlando,Florida
39,Casey Garcia,Orlando,Florida
40,Denise Hampton,San Francisco,California
41,Denise Hampton,San Francisco,California
42,Denise Hampton,San Francisco,California
43,Justin Rodriguez,Cleveland,Ohio
44,Ms. Emily Baxter,Rochester,New York
45,Austin White,Los Angeles,California
46,Justin Rodriguez,Cleveland,Ohio
47,Ms. Emily Baxter,Rochester,New York
48,Austin White,Los Angeles,California
49,Morgan Montes,San Diego,California
50,Christine Mosley,Cincinnati,Ohio
51,Ashley Rodriguez,Austin,Texas
52,Elizabeth King,Dallas,Texas
53,Morgan Montes,San Diego,California
54,Christine Mosley,Cincinnati,Ohio
55,Ashley Rodriguez,Austin,Texas
56,Elizabeth King,Dallas,Texas
57,Connie Holmes,Cincinnati,Ohio
58,Melissa Peck,Miami,Florida
59,David Smith,Orlando,Florida
60,Jacqueline Harris,Houston,Texas
61,David Smith,Orlando,Florida
62,Jacqueline Harris,Houston,Texas
63,David Smith,Orlando,Florida
64,Jacqueline Harris,Houston,Texas
65,Heather Jenkins,Buffalo,New York
66,Heather Jenkins,Buffalo,New York
67,Heather Jenkins,Buffalo,New York
68,Kelsey Castaneda,Cleveland,Ohio
69,Katherine Harris,Los Angeles,California
70,Kelsey Castaneda,Cleveland,Ohio
71,Katherine Harris,Los Angeles,California
72,Kelsey Castaneda,Cleveland,Ohio
73,Katherine Harris,Los Angeles,California
74,Kelsey Castaneda,Cleveland,Ohio
75,Katherine Harris,Los Angeles,California
76,Paul Rogers,Miami,Florida
77,Paul Rogers,Miami,Florida
78,Jon Banks,Tampa,Florida
79,Michelle Williams,Buffalo,New York
80,Andrew Allen,San Diego,California
81,Andrew Allen,San Diego,California
82,Andrew Allen,San Diego,California
83,Andrew Allen,San Diego,California
84,Vanessa Bauer,Buffalo,New York
85,Sean Smith,Cleveland,Ohio
86,Vanessa Bauer,Buffalo,New York
87,Sean Smith,Cleveland,Ohio
88,Shelly Sweeney,New York City,New York
89,Shelly Sweeney,New York City,New York
90,Emily Gill,Springfield,Illinois
91,Brian Patrick,Tampa,Florida
92,Dr. Sarah Booth,Cincinnati,Ohio
93,Douglas Mcfarland,Cleveland,Ohio
94,Kayla Ross,Peoria,Illinois
95,Marc Strickland,Orlando,Florida
96,Marc Strickland,Orlando,Florida
97,Charlene Brown,Miami,Florida
98,Charles Smith,Columbus,Ohio
99,Karen Townsend,Houston,Texas
100,Karen Townsend,Houston,Texas
101,Karen Townsend,Houston,Texas
102,Steven Cox,Los Angeles,California
103,Cynthia Rodriguez,Rochester,New York
104,Jessica Baker,Austin,Texas
105,Mark Blackburn,Dallas,Texas
106,Zachary Perez,Austin,Texas
107,Brian Green,San Diego,California
108,Zachary Perez,Austin,Texas
109,Brian Green,San Diego,California
110,Zachary Perez,Austin,Texas
111,Brian Green,San Diego,California
112,Becky Leach,Miami,Florida
113,Bryan Russell,Dallas,Texas
114,Tony Maddox,San Francisco,California
115,Bryan Russell,Dallas,Texas
116,Tony Maddox,San Francisco,California
117,Jason Randolph,San Francisco,California
118,Laura Andrews,New York City,New York
119,Mrs. Stephanie Hooper,San Francisco,California
120,Anthony Evans,Cleveland,Ohio
121,Patrick Williams,Rochester,New York
122,Susan Burke,Austin,Texas
123,Brent Hernandez,Rochester,New York
124,Patrick Williams,Rochester,New York
125,Susan Burke,Austin,Texas
126,Brent Hernandez,Rochester,New York
127,Sean Elliott,San Francisco,California
128,Wanda West,Cleveland,Ohio
129,Sean Elliott,San Francisco,California
130,Wanda West,Cleveland,Ohio
131,Renee Solomon,Tampa,Florida
132,Renee Solomon,Tampa,Florida
133,Renee Solomon,Tampa,Florida
134,Renee Solomon,Tampa,Florida
135,Daryl Miles,Orlando,Florida
136,Daryl Miles,Orlando,Florida
137,Michael Hunt,Dallas,Texas
138,Michael Hunt,Dallas,Texas
139,Michael Hunt,Dallas,Texas
140,Adam Clark,San Francisco,California
141,Amy Olsen,Springfield,Illinois
142,Stacey Miller,San Diego,California
143,Adam Clark,San Francisco,California
144,Amy Olsen,Springfield,Illinois
145,Stacey Miller,San Diego,California
146,Daniel Mosley,Los Angeles,California
147,Daniel Mosley,Los Angeles,California
148,Daniel Mosley,Los Angeles,California
149,Daniel Mosley,Los Angeles,California
150,Monica Gibson,Springfield,Illinois
151,Monica Gibson,Springfield,Illinois
152,Monica Gibson,Springfield,Illinois
153,Christopher Jordan,Columbus,Ohio
154,Christina Davis,Chicago,Illinois
155,Claudia Curry,Austin,Texas
156,Christina Davis,Chicago,Illinois
157,Claudia Curry,Austin,Texas
158,Christina Davis,Chicago,Illinois
159,Claudia Curry,Austin,Texas
160,Christina Davis,Chicago,Illinois
161,Claudia Curry,Austin,Texas
162,Brandon Anderson,Austin,Texas
163,George Foster,Dallas,Texas
164,Nicholas Anderson,Orlando,Florida
165,Emily Ellison,Los Angeles,California
166,George Foster,Dallas,Texas
167,Nicholas Anderson,Orlando,Florida
168,Emily Ellison,Los Angeles,California
169,George Foster,Dallas,Texas
170,Nicholas Anderson,Orlando,Florida
171,Emily Ellison,Los Angeles,California
172,Darren Perez,Austin,Texas
173,Michelle Hunter,Cincinnati,Ohio
174,Janet Guerrero,Rochester,New York
175,Jeffrey Kline,Miami,Florida
176,Ryan Bullock,Tampa,Florida
177,Jeffrey Kline,Miami,Florida
178,Ryan Bullock,Tampa,Florida
179,Tom Lawson,Buffalo,New York
180,Rebecca Smith,Dallas,Texas
181,Rebecca Smith,Dallas,Texas
182,William Welch,Orlando,Florida
183,William Welch,Orlando,Florida
184,Mr. Curtis Bailey,Tampa,Florida
185,Mr. Curtis Bailey,Tampa,Florida
186,Janet Carlson,Miami,Florida
187,Janet Carlson,Miami,Florida
188,Spencer Spears,Chicago,Illinois
189,Spencer Spears,Chicago,Illinois
190,Jeffrey Middleton,Buffalo,New York
191,Veronica Kelley,Orlando,Florida
192,Leslie Bean,Springfield,Illinois
193,Jeffrey Middleton,Buffalo,New York
194,Veronica Kelley,Orlando,Florida
195,Leslie Bean,Springfield,Illinois
196,Amy Wilson,Los Angeles,California
197,Amy Wilson,Los Angeles,California
198,Susan Ramirez,Cleveland,Ohio
199,Jacob Meyer,Peoria,Illinois
200,Jacob Meyer,Peoria,Illinois
201,Scott Lewis,Houston,Texas
202,Eric Griffith,Chicago,Illinois
203,Anna Ferguson,San Francisco,California
204,Scott Lewis,Houston,Texas
205,Eric Griffith,Chicago,Illinois
206,Anna Ferguson,San Francisco,California
207,Scott Lewis,Houston,Texas
208,Eric Griffith,Chicago,Illinois
209,Anna Ferguson,San Francisco,California
210,Scott Lewis,Houston,Texas
211,Eric Griffith,Chicago,Illinois
212,Anna Ferguson,San Francisco,California
213,David Figueroa,Miami,Florida
214,Theresa Medina,Springfield,Illinois
215,Theresa Medina,Springfield,Illinois
216,Mary Smith,Miami,Florida
217,Lance Cain,Tampa,Florida
218,Alexandra Moran,San Francisco,California
219,Sara Castro,Chicago,Illinois
220,Shawn Leach,Peoria,Illinois
221,Mark Boyle,Buffalo,New York
222,John Stevens,San Francisco,California
223,Lisa Graham,Peoria,Illinois
224,Nancy Jones,Cleveland,Ohio
225,Nancy Jones,Cleveland,Ohio
226,Nancy Jones,Cleveland,Ohio
227,Darryl Robbins,Peoria,Illinois
228,Kimberly Smith,Springfield,Illinois
229,Kimberly Smith,Springfield,Illinois
230,Maria Thomas,Miami,Florida
231,Nicholas Johnson,Dallas,Texas
232,Maria Thomas,Miami,Florida
233,Nicholas Johnson,Dallas,Texas
234,Dawn Howard,Houston,Texas
235,Dawn Howard,Houston,Texas
236,Dawn Howard,Houston,Texas
237,Jennifer Marshall,San Francisco,California
238,Frank Garcia,Buffalo,New York
239,Terri Madden,Rochester,New York
240,Terri Madden,Rochester,New York
241,James Gutierrez,Rochester,New York
242,James Gutierrez,Rochester,New York
243,Morgan Sellers,Los Angeles,California
244,Morgan Sellers,Los Angeles,California
245,Caitlin Thomas,New York City,New York
246,Kimberly Greene,Orlando,Florida
247,Tammy Anthony,Cleveland,Ohio
248,Jennifer Chase,Buffalo,New York
249,Cassandra Farley,Orlando,Florida
250,Tammy Anthony,Cleveland,Ohio
251,Jennifer Chase,Buffalo,New York
252,Cassandra Farley,Orlando,Florida
253,Justin Vasquez,Houston,Texas
254,Melissa Morales,Houston,Texas
255,Tyler Thompson,Dallas,Texas
256,Heidi Davis,Buffalo,New York
257,Heidi Davis,Buffalo,New York
258,Charles Lane,Dallas,Texas
259,Joyce Good MD,Miami,Florida
260,Maria Miller,Buffalo,New York
261,Terry Mcdaniel,Cincinnati,Ohio
262,Lisa Jacobs,Buffalo,New York
263,Jeff Duncan,Cincinnati,Ohio
264,Pamela Jones,New York City,New York
265,Renee Robinson,Columbus,Ohio
266,Renee Robinson,Columbus,Ohio
267,Jessica Kidd,Buffalo,New York
268,Nicholas Martin,Tampa,Florida
269,Jessica Kidd,Buffalo,New York
270,Nicholas Martin,Tampa,Florida
271,Jessica Kidd,Buffalo,New York
272,Nicholas Martin,Tampa,Florida
273,David Brown,Peoria,Illinois
274,Amber Moore,New York City,New York
275,Amber Moore,New York City,New York
276,James Williams,San Francisco,California
277,Karina Barr,Dallas,Texas
278,Karina Barr,Dallas,Texas
279,Meghan Rush,Cleveland,Ohio
280,Bianca Brown,Columbus,Ohio
281,Bianca Brown,Columbus,Ohio
282,Timothy Jensen,Orlando,Florida
283,Timothy Jensen,Orlando,Florida
284,Melinda Montoya,San Francisco,California
285,Melinda Montoya,San Francisco,California
286,Tammy Bell,Cincinnati,Ohio
287,Tammy Bell,Cincinnati,Ohio
288,Tammy Bell,Cincinnati,Ohio
289,Connie Richards,Cleveland,Ohio
290,Peter Ward,Rochester,New York
291,Connie Richards,Cleveland,Ohio
292,Peter Ward,Rochester,New York
293,Jonathan Alvarez,Columbus,Ohio
294,Becky Hodges,Houston,Texas
295,Jonathan Alvarez,Columbus,Ohio
296,Becky Hodges,Houston,Texas
297,Larry Hill,New York City,New York
298,Amber Moon,Cleveland,Ohio
299,Larry Hill,New York City,New York
300,Amber Moon,Cleveland,Ohio
301,Cynthia Wilcox,Chicago,Illinois
302,Cynthia Wilcox,Chicago,Illinois
303,Rebecca Wright,Rochester,New York
304,Sarah Flores,Springfield,Illinois
305,Rebecca Wright,Rochester,New York
306,Sarah Flores,Springfield,Illinois
307,Carol Norman,Rochester,New York
308,Stephanie Gardner,San Diego,California
309,Philip Baker,Peoria,Illinois
310,Randall Dennis,Orlando,Florida
311,Suzanne Cross,Austin,Texas
312,Suzanne Cross,Austin,Texas
313,Suzanne Cross,Austin,Texas
314,Jasmine Delgado,Chicago,Illinois
315,Kristen Harper,Buffalo,New York
316,Jasmine Delgado,Chicago,Illinois
317,Kristen Harper,Buffalo,New York
318,Kaitlyn Graham MD,New York City,New York
319,Dean Avila,Cincinnati,Ohio
320,Dean Avila,Cincinnati,Ohio
321,Dean Avila,Cincinnati,Ohio
322,Megan Mack,Austin,Texas
323,Megan Mack,Austin,Texas
324,Heather Johnson,Los Angeles,California
325,Tina Davies,Chicago,Illinois
326,Matthew Harris,Dallas,Texas
327,Matthew Harris,Dallas,Texas
328,Christopher Kirk,Miami,Florida
329,Eric Stevens,Miami,Florida
330,Christopher Kirk,Miami,Florida
331,Eric Stevens,Miami,Florida
332,James Dickerson,Houston,Texas
333,James Jones,Dallas,Texas
334,Hannah Hendricks,Cleveland,Ohio
335,Brett Mullins,Orlando,Florida
336,Ms. Kim Jordan,Chicago,Illinois
337,Marcus Santiago,Buffalo,New York
338,Marcus Santiago,Buffalo,New York
339,Marcus Santiago,Buffalo,New York
340,Jill Perez,San Diego,California
341,Jill Perez,San Diego,California
342,Jill Perez,San Diego,California
343,Courtney Williams,Columbus,Ohio
344,Jordan Hahn,Rochester,New York
345,William Cook,Cleveland,Ohio
346,Stephanie Hayes,Austin,Texas
347,Stephanie Hayes,Austin,Texas
348,Melissa Wise,Columbus,Ohio
349,Elizabeth Gonzalez,San Diego,California
350,Elizabeth Gonzalez,San Diego,California
351,Elizabeth Gonzalez,San Diego,California
352,Mr. Eric Lopez,Buffalo,New York
353,Benjamin Higgins,Rochester,New York
354,Benjamin Higgins,Rochester,New York
355,Brett Sutton,Austin,Texas
356,Anna Blackburn,Cincinnati,Ohio
357,Michelle Bailey,Dallas,Texas
358,Brett Sutton,Austin,Texas
359,Anna Blackburn,Cincinnati,Ohio
360,Michelle Bailey,Dallas,Texas
361,Brett Sutton,Austin,Texas
362,Anna Blackburn,Cincinnati,Ohio
363,Michelle Bailey,Dallas,Texas
364,Brett Sutton,Austin,Texas
365,Anna Blackburn,Cincinnati,Ohio
366,Michelle Bailey,Dallas,Texas
367,Sara Peterson,Chicago,Illinois
368,Katherine Williams,Orlando,Florida
369,Katherine Williams,Orlando,Florida
370,Katherine Williams,Orlando,Florida
371,Cory Evans,Orlando,Florida
372,Cory Evans,Orlando,Florida
373,Cory Evans,Orlando,Florida
374,Cory Evans,Orlando,Florida
375,Michael Rodriguez,Cincinnati,Ohio
376,Michael Rodriguez,Cincinnati,Ohio
377,John Munoz,Dallas,Texas
378,David Clark,Tampa,Florida
379,April Welch,Springfield,Illinois
380,April Welch,Springfield,Illinois
381,Alan Livingston,Peoria,Illinois
382,Angela Jackson,Dallas,Texas
383,Amy Williams,Austin,Texas
384,Laura Jordan,Dallas,Texas
385,Richard Maynard,Cincinnati,Ohio
386,Lawrence Oliver,Springfield,Illinois
387,Anthony Williams,Rochester,New York
388,Anthony Williams,Rochester,New York
389,Lynn Matthews,Dallas,Texas
390,Andrew Griffin,Chicago,Illinois
391,Andrew Griffin,Chicago,Illinois
392,Andrew Griffin,Chicago,Illinois
393,Megan Williams,Chicago,Illinois
394,Alison Martin,Buffalo,New York
395,Samuel Wallace,San Francisco,California
396,Manuel Stark,Springfield,Illinois
397,William Villarreal,Orlando,Florida
398,Brandon Kirk,Cleveland,Ohio
399,Abigail Brown,Los Angeles,California
400,Kristine Carter,Houston,Texas
401,Wesley Deleon,Springfield,Illinois
402,Wesley Deleon,Springfield,Illinois
403,Laura Cole,Tampa,Florida
404,Lauren Harris,Cleveland,Ohio
405,Lauren Harris,Cleveland,Ohio
406,Lauren Harris,Cleveland,Ohio
407,Cameron Miller,Chicago,Illinois
408,Jacob Carpenter,Buffalo,New York
409,Pamela Callahan DVM,Columbus,Ohio
410,William Ruiz,Miami,Florida
411,Paula Marshall,Dallas,Texas
412,Natalie Cox,Orlando,Florida
413,Andrew Fernandez,Cincinnati,Ohio
414,Andrew Fernandez,Cincinnati,Ohio
415,Andrew Fernandez,Cincinnati,Ohio
416,Alisha Saunders,San Francisco,California
417,Travis Chandler DDS,Rochester,New York
418,Russell Austin,New York City,New York
419,Collin Cameron,San Francisco,California
420,Elizabeth Hernandez,Orlando,Florida
421,William Russell,Austin,Texas
422,Sheri Berg,Los Angeles,California
423,William Russell,Austin,Texas
424,Sheri Berg,Los Angeles,California
425,Anthony Barnett,Peoria,Illinois
426,Kaitlyn Flores,Cleveland,Ohio
427,Rebecca Owen,Springfield,Illinois
428,Michael Bell,San Diego,California
429,Michael Bell,San Diego,California
430,Willie Huynh,Buffalo,New York
431,Willie Huynh,Buffalo,New York
432,Samuel Hayes,Peoria,Illinois
433,Samuel Hayes,Peoria,Illinois
434,Sherry Tran,Buffalo,New York
435,Sherry Tran,Buffalo,New York
436,Sherry Tran,Buffalo,New York
437,Heather Gray,Cincinnati,Ohio
438,Benjamin Meadows,Peoria,Illinois
439,Micheal Graham,Buffalo,New York
440,Benjamin Meadows,Peoria,Illinois
441,Micheal Graham,Buffalo,New York
442,Benjamin Meadows,Peoria,Illinois
443,Micheal Graham,Buffalo,New York
444,Jean Jackson,San Francisco,California
445,Jean Jackson,San Francisco,California
446,Jean Jackson,San Francisco,California
447,Jean Jackson,San Francisco,California
448,Timothy Murphy,San Francisco,California
449,Timothy Murphy,San Francisco,California
450,Mrs. Jennifer Lewis,San Francisco,California
451,Mrs. Jennifer Lewis,San Francisco,California
452,Mrs. Jennifer Lewis,San Francisco,California
453,Bryan Brown,Rochester,New York
454,Christopher Johnson,Miami,Florida
455,Christina Conner,Columbus,Ohio
456,Luis Luna,San Francisco,California
457,Christina Conner,Columbus,Ohio
458,Luis Luna,San Francisco,California
459,Christina Conner,Columbus,Ohio
460,Luis Luna,San Francisco,California
461,Julie Chavez,Cincinnati,Ohio
462,Richard Blair,Miami,Florida
463,Richard Blair,Miami,Florida
464,Richard Blair,Miami,Florida
465,Mitchell Lester,Chicago,Illinois
466,Mr. John Tyler PhD,Houston,Texas
467,Juan Kelly,Miami,Florida
468,Mitchell Lester,Chicago,Illinois
469,Mr. John Tyler PhD,Houston,Texas
470,Juan Kelly,Miami,Florida
471,Morgan Mccarthy,Dallas,Texas
472,Morgan Sullivan,Houston,Texas
473,Eric Clark,Orlando,Florida
474,Eric Clark,Orlando,Florida
475,Mark Padilla,San Diego,California
476,Anthony Lane,Cleveland,Ohio
477,Jeffrey Henderson,Tampa,Florida
478,Michelle Hardy,Dallas,Texas
479,Jeffrey Henderson,Tampa,Florida
480,Michelle Hardy,Dallas,Texas
481,Ms. Barbara Cervantes,Rochester,New York
482,Ms. Barbara Cervantes,Rochester,New York
483,Steven Proctor,Austin,Texas
484,Shannon Patterson,Springfield,Illinois
485,William Valdez,San Diego,California
486,William Valdez,San Diego,California
487,William Valdez,San Diego,California
488,Laura Yu,Houston,Texas
489,Jonathan Mcmillan,Buffalo,New York
490,Jonathan Mcmillan,Buffalo,New York
491,Austin Davis,San Diego,California
492,Mark Roy,San Francisco,California
493,Austin Davis,San Diego,California
494,Mark Roy,San Francisco,California
495,Jillian Williams,San Diego,California
496,Rebekah Carter,Orlando,Florida
497,Jonathan Reed,San Francisco,California
498,Jillian Williams,San Diego,California
499,Rebekah Carter,Orlando,Florida
500,Jonathan Reed,San Francisco,California
501,Roger Harris,Springfield,Illinois
502,Roger Harris,Springfield,Illinois
503,Roger Harris,Springfield,Illinois
504,Louis Jimenez,Tampa,Florida
505,Jessica Jones,Peoria,Illinois
506,Renee Gomez,Miami,Florida
507,Connie Olson,Houston,Texas
508,Louis Jimenez,Tampa,Florida
509,Jessica Jones,Peoria,Illinois
510,Renee Gomez,Miami,Florida
511,Connie Olson,Houston,Texas
512,Christian Jones,Buffalo,New York
513,Matthew Kelley,Orlando,Florida
514,Candace Martinez,Tampa,Florida
515,Jacob Mann,Austin,Texas
516,Keith Reese,Austin,Texas
517,Aaron Jones,Austin,Texas
518,Aaron Jones,Austin,Texas
519,Christopher Brooks,Peoria,Illinois
520,Charles Moore,Miami,Florida
521,Charles Moore,Miami,Florida
522,Manuel Walls,Houston,Texas
523,Darren Moore,Peoria,Illinois
524,Stephanie Thomas,Rochester,New York
525,Kristy Hernandez,San Diego,California
526,Darren Moore,Peoria,Illinois
527,Stephanie Thomas,Rochester,New York
528,Kristy Hernandez,San Diego,California
529,Randy Johnson,Columbus,Ohio
530,Randy Johnson,Columbus,Ohio
531,Randy Johnson,Columbus,Ohio
532,James Benitez,Miami,Florida
533,Donald York,Buffalo,New York
534,Tiffany Parker,Houston,Texas
535,Donald York,Buffalo,New York
536,Tiffany Parker,Houston,Texas
537,Melissa Mcknight,Los Angeles,California
538,Melissa Mcknight,Los Angeles,California
539,Melissa Mcknight,Los Angeles,California
540,Mr. Jack Mercado,Cincinnati,Ohio
541,Christian Jones,Rochester,New York
542,Rachel Fisher,Peoria,Illinois
543,Donald Moore,Rochester,New York
544,William Wu,Tampa,Florida
545,Jesus Zuniga,Houston,Texas
546,Michael Gallegos,Los Angeles,California
547,Robert Daniels,Chicago,Illinois
548,Michael Gallegos,Los Angeles,California
549,Robert Daniels,Chicago,Illinois
550,Jill Jones,New York City,New York
551,Jill Jones,New York City,New York
552,Elizabeth Miller,Springfield,Illinois
553,Sabrina Clark,Los Angeles,California
554,Larry Casey,Chicago,Illinois
555,Daniel Burns,Rochester,New York
556,James Tanner,Houston,Texas
557,Leonard Gonzalez,San Francisco,California
558,Richard Lee,Buffalo,New York
559,Matthew Schroeder,Cleveland,Ohio
560,Leonard Gonzalez,San Francisco,California
561,Richard Lee,Buffalo,New York
562,Matthew Schroeder,Cleveland,Ohio
563,Marcus Flores,Los Angeles,California
564,Tonya Long,Miami,Florida
565,Michael Chambers,Los Angeles,California
566,Kaylee Glover,Springfield,Illinois
567,Pamela Patterson,San Francisco,California
568,Kaylee Glover,Springfield,Illinois
569,Pamela Patterson,San Francisco,California
570,Kaylee Glover,Springfield,Illinois
571,Pamela Patterson,San Francisco,California
572,Ronald Mckinney,Austin,Texas
573,James Hart,Chicago,Illinois
574,Ronald Mckinney,Austin,Texas
575,James Hart,Chicago,Illinois
576,Rhonda Harris,Orlando,Florida
577,Randy Fisher,Houston,Texas
578,James Hernandez,San Francisco,California
579,James Hernandez,San Francisco,California
580,Brenda Murphy,San Francisco,California
581,Brenda Murphy,San Francisco,California
582,Brenda Murphy,San Francisco,California
583,Andrew Kirby,San Diego,California
584,Justin Thomas,San Francisco,California
585,Jillian Johnson MD,San Diego,California
586,William Martin,Columbus,Ohio
587,Mark Dixon,Cincinnati,Ohio
588,Mark Dixon,Cincinnati,Ohio
589,Mark Dixon,Cincinnati,Ohio
590,Alicia Allen,Dallas,Texas
591,Cynthia Meyer,Tampa,Florida
592,Brandon Norton,Springfield,Illinois
593,Christina Scott,Tampa,Florida
594,Andrew Macias,Austin,Texas
595,Alejandro Williams,Springfield,Illinois
596,Mark Rodriguez,New York City,New York
597,Sarah Montgomery,Chicago,Illinois
598,Marisa Prince,Buffalo,New York
599,James Bonilla,San Diego,California
600,Robin Myers,Dallas,Texas
601,Nancy Sanchez,Springfield,Illinois
602,Sydney Walls,Chicago,Illinois
603,Nancy Sanchez,Springfield,Illinois
604,Sydney Walls,Chicago,Illinois
605,Deborah Hoffman,Miami,Florida
606,Deborah Hoffman,Miami,Florida
607,Megan Williams,Dallas,Texas
608,Megan Williams,Dallas,Texas
609,Shane Clark,San Diego,California
610,Steven Haynes,Springfield,Illinois
611,Kimberly Fuller,Buffalo,New York
612,Angela Lyons,New York City,New York
613,Angela Lyons,New York City,New York
614,Betty Tucker,Cincinnati,Ohio
615,Brianna Hunt,Miami,Florida
616,Cathy Clark,Tampa,Florida
617,Nicole Warren,Los Angeles,California
618,Richard Castaneda,Cleveland,Ohio
619,Sarah Torres,San Diego,California
620,Richard Castaneda,Cleveland,Ohio
621,Sarah Torres,San Diego,California
622,Vanessa Deleon,Tampa,Florida
623,Richard Lyons,Dallas,Texas
624,Eric Adams,Springfield,Illinois
625,Chad Brown,Orlando,Florida
626,Kayla Becker,Los Angeles,California
627,Ashley Freeman,Tampa,Florida
628,Scott Harris,Los Angeles,California
629,John James,Columbus,Ohio
630,Jesse Bond,Springfield,Illinois
631,Brandon Hughes,Dallas,Texas
632,Lynn Reynolds,Cincinnati,Ohio
633,Brandon Hughes,Dallas,Texas
634,Lynn Reynolds,Cincinnati,Ohio
635,Ronald Good,Miami,Florida
636,Kyle Baker,Houston,Texas
637,Kyle Baker,Houston,Texas
638,Michael Rivera,Los Angeles,California
639,Michael Rivera,Los Angeles,California
640,Lori Adkins,San Diego,California
641,Lori Adkins,San Diego,California
642,Luis Warner,New York City,New York
643,Donald Perry,Orlando,Florida
644,Donald Perry,Orlando,Florida
645,Adam Stevens,Buffalo,New York
646,Kimberly Johnson,Buffalo,New York
647,Kelly Jones,Rochester,New York
648,Kimberly Johnson,Buffalo,New York
649,Kelly Jones,Rochester,New York
650,Ashley Petty,Peoria,Illinois
651,Crystal Ross,Austin,Texas
652,Alexis Duffy,Los Angeles,California
653,Stephanie Sanchez,Miami,Florida
654,Reginald Espinoza,Cleveland,Ohio
655,Sandra Hicks,San Diego,California
656,Sandra Hicks,San Diego,California
657,Olivia Orozco,Austin,Texas
658,Larry Moore,Tampa,Florida
659,Mrs. Rachel Cannon DDS,Tampa,Florida
660,Daniel Flowers,Springfield,Illinois
661,Randy Acosta,Tampa,Florida
662,Deborah Williams,Chicago,Illinois
663,Robert Michael,Austin,Texas
664,Danny Ramirez,New York City,New York
665,Danny Ramirez,New York City,New York
666,Stephen Baker,Columbus,Ohio
667,Jeffrey Wilcox,Peoria,Illinois
668,Stephen Baker,Columbus,Ohio
669,Jeffrey Wilcox,Peoria,Illinois
670,James Clarke,Dallas,Texas
671,Julia Gallagher,Houston,Texas
672,Ronald Frey Jr.,New York City,New York
673,James Clarke,Dallas,Texas
674,Julia Gallagher,Houston,Texas
675,Ronald Frey Jr.,New York City,New York
676,Megan Charles,Tampa,Florida
677,Megan Charles,Tampa,Florida
678,Amy Duran MD,Orlando,Florida
679,Amy Duran MD,Orlando,Florida
680,Amy Duran MD,Orlando,Florida
681,Christopher Thomas,New York City,New York
682,Christopher Thomas,New York City,New York
683,Peter Castro,Dallas,Texas
684,Peter Castro,Dallas,Texas
685,Steven Acosta,Orlando,Florida
686,Lindsay Jackson,Austin,Texas
687,Kelly Smith,Cleveland,Ohio
688,Sabrina Hartman,Tampa,Florida
689,Kelly Smith,Cleveland,Ohio
690,Sabrina Hartman,Tampa,Florida
691,Kelly Smith,Cleveland,Ohio
692,Sabrina Hartman,Tampa,Florida
693,Kelly Smith,Cleveland,Ohio
694,Sabrina Hartman,Tampa,Florida
695,Cynthia Smith,Rochester,New York
696,Olivia Dickerson,Buffalo,New York
697,Whitney Stout,Austin,Texas
698,Stephanie Flores,San Diego,California
699,Gregory English,Los Angeles,California
700,Natalie Maxwell,New York City,New York
701,Tina Blake,Buffalo,New York
702,Clarence Cooke,San Francisco,California
703,Tina Blake,Buffalo,New York
704,Clarence Cooke,San Francisco,California
705,Tamara Guzman,Buffalo,New York
706,Tamara Guzman,Buffalo,New York
707,Marissa Hartman,Buffalo,New York
708,Sara Garcia,Peoria,Illinois
709,Kathryn Rogers,Columbus,Ohio
710,Kyle Dickson,Dallas,Texas
711,Jacob Decker,Tampa,Florida
712,Aaron Johnson,Rochester,New York
713,Aaron Johnson,Rochester,New York
714,William Morse,Rochester,New York
715,Carrie Smith,Peoria,Illinois
716,William Morse,Rochester,New York
717,Carrie Smith,Peoria,Illinois
718,Vincent Roth,Los Angeles,California
719,Andrew Benson,Orlando,Florida
720,Jason Wilson,Austin,Texas
721,Colin Patterson,New York City,New York
722,Colin Patterson,New York City,New York
723,Eric Bates,Columbus,Ohio
724,Steven Keith,San Francisco,California
725,Seth Rodriguez,Tampa,Florida
726,Lauren Jones,Cincinnati,Ohio
727,Thomas Wallace,Dallas,Texas
728,Mr. Daniel Wilson,Cincinnati,Ohio
729,Julie Smith MD,Rochester,New York
730,Lauren Jones,Cincinnati,Ohio
731,Thomas Wallace,Dallas,Texas
732,Mr. Daniel Wilson,Cincinnati,Ohio
733,Julie Smith MD,Rochester,New York
734,Carol Mitchell,Chicago,Illinois
735,Carol Mitchell,Chicago,Illinois
736,Carol Mitchell,Chicago,Illinois
737,John Thompson,Austin,Texas
738,Debra Rodriguez,Tampa,Florida
739,Erin Vasquez,Orlando,Florida
740,Clayton Lara,Miami,Florida
741,Clayton Lara,Miami,Florida
742,Clayton Lara,Miami,Florida
743,Clayton Lara,Miami,Florida
744,Tony Ray,Cleveland,Ohio
745,Steven Frey,Miami,Florida
746,Stephanie Leonard,Buffalo,New York
747,Crystal Chambers,New York City,New York
748,Robert White,Orlando,Florida
749,Sylvia Barron,Rochester,New York
750,Tony Ray,Cleveland,Ohio
751,Steven Frey,Miami,Florida
752,Stephanie Leonard,Buffalo,New York
753,Crystal Chambers,New York City,New York
754,Robert White,Orlando,Florida
755,Sylvia Barron,Rochester,New York
756,Marcus Brown,Chicago,Illinois
757,Annette Pierce,Rochester,New York
758,Marcus Brown,Chicago,Illinois
759,Annette Pierce,Rochester,New York
760,Donald Hernandez,San Francisco,California
761,Megan Davis,Cleveland,Ohio
762,Robert Brooks,Houston,Texas
763,Miguel Alvarez,Rochester,New York
764,Jennifer Arnold,New York City,New York
765,Jennifer Arnold,New York City,New York
766,Jessica Blankenship,Cincinnati,Ohio
767,Peggy Campos,Buffalo,New York
768,Craig Ortega,Cincinnati,Ohio
769,Johnny Simon,Los Angeles,California
770,Keith Brooks,New York City,New York
771,Jason Martinez,Columbus,Ohio
772,Steven Herrera,San Diego,California
773,Beverly Lamb,Chicago,Illinois
774,Beverly Lamb,Chicago,Illinois
775,Michael Williams,Springfield,Illinois
776,Zachary Carpenter,Los Angeles,California
777,Timothy Baker,Austin,Texas
778,Adam James,Chicago,Illinois
779,Katrina Wood,Chicago,Illinois
780,James Murray,Dallas,Texas
781,Mr. Nathaniel Reeves,Rochester,New York
782,Jodi Wood,Cleveland,Ohio
783,Dr. Thomas Peterson,San Diego,California
784,Mario Hall,New York City,New York
785,Justin Rosales,Miami,Florida
786,Autumn Lee,Columbus,Ohio
787,Victoria Duran,Dallas,Texas
788,Barry Garcia,Springfield,Illinois
789,Dawn Webb,Peoria,Illinois
790,Patricia Sanford,Austin,Texas
791,William Walters,San Francisco,California
792,Emma Scott,Buffalo,New York
793,Sabrina Buckley,Rochester,New York
794,Emma Scott,Buffalo,New York
795,Sabrina Buckley,Rochester,New York
796,Robert Rojas,San Francisco,California
797,Eric Johnson,Cleveland,Ohio
798,Heather Parker,Austin,Texas
799,Thomas Matthews,Peoria,Illinois
800,Kimberly Beard,Cleveland,Ohio
801,Lydia Donovan,Peoria,Illinois
802,Lydia Donovan,Peoria,Illinois
803,Edward Johnson,Orlando,Florida
804,Ricky Smith,Miami,Florida
805,Mr. Ralph Garcia Jr.,Rochester,New York
806,Mr. Ralph Garcia Jr.,Rochester,New York
807,Mr. Ralph Garcia Jr.,Rochester,New York
808,Malik Walker,New York City,New York
809,Tanya Walker,San Diego,California
810,Sherri Ferguson DVM,Austin,Texas
811,Kristin Hart,San Francisco,California
812,Jim Johnson,Cincinnati,Ohio
813,David Hamilton,Houston,Texas
814,Michael Jimenez,Los Angeles,California
815,Angela Norman,Springfield,Illinois
816,Denise Mcdaniel,Los Angeles,California
817,Michael Rodriguez,Rochester,New York
818,Matthew Huff,San Diego,California
819,Linda Little,Tampa,Florida
820,Michael Rodriguez,Rochester,New York
821,Matthew Huff,San Diego,California
822,Linda Little,Tampa,Florida
823,Kerri Andrews,San Francisco,California
824,Kerri Andrews,San Francisco,California
825,Jeffrey Johnson III,San Francisco,California
826,Daniel Dixon,San Diego,California
827,Tiffany Robinson,Miami,Florida
828,Mr. Gregg Sawyer,Peoria,Illinois
829,John Silva,Los Angeles,California
830,Nathan Moss,Springfield,Illinois
831,Donald Medina,Houston,Texas
832,Charles Henderson,Tampa,Florida
833,Brenda Davis,San Francisco,California
834,Leah Calderon,Chicago,Illinois
835,Brandi Vasquez,Rochester,New York
836,Debra Richards,Tampa,Florida
837,Tammy Day,New York City,New York
838,Sheila Clay,Buffalo,New York
839,Nicholas Flores,Cleveland,Ohio
840,Jasmin Jones,Chicago,Illinois
841,Matthew Gardner,Tampa,Florida
842,Matthew Gardner,Tampa,Florida
843,Joseph Perkins,Orlando,Florida
844,Ashley Adams MD,Orlando,Florida
845,Joseph Perkins,Orlando,Florida
846,Ashley Adams MD,Orlando,Florida
847,Cheryl Stevens,San Francisco,California
848,Jorge George,New York City,New York
849,Ann Mooney,Los Angeles,California
850,James Mendoza,Cleveland,Ohio
851,Kaitlin Garrison,Columbus,Ohio
852,James Mendoza,Cleveland,Ohio
853,Kaitlin Garrison,Columbus,Ohio
854,Jeremy Jackson,Dallas,Texas
855,Dale Craig,San Diego,California
856,Joseph Hooper,Buffalo,New York
857,Alexander Adams,Buffalo,New York
858,Ashlee Mills,Orlando,Florida
859,Brittany Jenkins,Buffalo,New York
860,Eddie Gonzales,Cleveland,Ohio
861,Brittany Jenkins,Buffalo,New York
862,Eddie Gonzales,Cleveland,Ohio
863,Edward Valencia,Miami,Florida
864,Emma Bruce,Austin,Texas
865,Emma Bruce,Austin,Texas
866,Carl Wade DDS,Buffalo,New York
867,Brandon Alvarado,Columbus,Ohio
868,Jennifer Clark,Austin,Texas
869,David Johnson,Austin,Texas
870,April Marquez,Cleveland,Ohio
871,Joseph Guerrero,Los Angeles,California
872,Michael Hanson,Rochester,New York
873,April Marquez,Cleveland,Ohio
874,Joseph Guerrero,Los Angeles,California
875,Michael Hanson,Rochester,New York
876,William Hill,Dallas,Texas
877,Kelsey Huber,Miami,Florida
878,Hailey Chandler,Dallas,Texas
879,Cheyenne Rose,Orlando,Florida
880,Richard Petersen,Chicago,Illinois
881,Cheyenne Rose,Orlando,Florida
882,Richard Petersen,Chicago,Illinois
883,Kathryn Gray,Rochester,New York
884,Victor Collins,San Diego,California
885,Jason Hernandez,San Francisco,California
886,Jacob Torres,Houston,Texas
887,Erin Hernandez,Los Angeles,California
888,Jacob Guzman,Peoria,Illinois
889,Mike Armstrong,New York City,New York
890,Cindy Rowland,Springfield,Illinois
891,Kenneth Matthews,Rochester,New York
892,Susan Valdez,New York City,New York
893,Stephanie Manning,Orlando,Florida
894,Logan Galloway,New York City,New York
895,Stephanie Manning,Orlando,Florida
896,Logan Galloway,New York City,New York
897,Stephanie Manning,Orlando,Florida
898,Logan Galloway,New York City,New York
899,Christopher Stone,Cincinnati,Ohio
900,Megan Pitts,Columbus,Ohio
901,Richard Gardner,Columbus,Ohio
902,Samuel Moore,Columbus,Ohio
903,Robert Stokes,Orlando,Florida
904,Danielle Ramirez,San Francisco,California
905,Samuel Moore,Columbus,Ohio
906,Robert Stokes,Orlando,Florida
907,Danielle Ramirez,San Francisco,California
908,Taylor White,Springfield,Illinois
909,Taylor White,Springfield,Illinois
910,Jordan Krause,Cleveland,Ohio
911,Kimberly King,Columbus,Ohio
912,Kimberly King,Columbus,Ohio
913,Sharon Russell,San Diego,California
914,Kevin Cooper,Tampa,Florida
915,Darrell Ramos,Rochester,New York
916,Dr. Terry Alvarado,Tampa,Florida
917,Kathy Wilson,Dallas,Texas
918,Kathy Wilson,Dallas,Texas
919,Brandon Le,San Diego,California
920,Mary Wright,Cincinnati,Ohio
921,Douglas Reynolds,Los Angeles,California
922,Leroy Harris,Houston,Texas
923,Leroy Harris,Houston,Texas
924,Ricardo Dixon,Springfield,Illinois
925,Debra Smith,Austin,Texas
926,Jasmine James,Austin,Texas
927,Felicia Morton,Columbus,Ohio
928,Sylvia Jenkins,New York City,New York
929,Elizabeth White,Rochester,New York
930,Elizabeth White,Rochester,New York
931,Steven Steele,Springfield,Illinois
932,Amanda Ramirez,Dallas,Texas
933,Kyle Jackson,Buffalo,New York
934,Sharon Wilkins,Chicago,Illinois
935,Austin Hammond,Miami,Florida
936,Jessica Barajas,Peoria,Illinois
937,Jamie Jimenez,Buffalo,New York
938,James Carter,Columbus,Ohio
939,Jessica Barajas,Peoria,Illinois
940,Jamie Jimenez,Buffalo,New York
941,James Carter,Columbus,Ohio
942,John Williams,Miami,Florida
943,John Williams,Miami,Florida
944,John Williams,Miami,Florida
945,Alicia Oneill,Springfield,Illinois
946,Rebecca Huff,Springfield,Illinois
947,Diana Scott,San Diego,California
948,Alicia Oneill,Springfield,Illinois
949,Rebecca Huff,Springfield,Illinois
950,Diana Scott,San Diego,California
951,Brian Young,Austin,Texas
952,Susan Wright,Los Angeles,California
953,Kayla Banks,Cincinnati,Ohio
954,Zachary Pierce,Houston,Texas
955,Nicolas Owen,San Francisco,California
956,Martha Carney,New York City,New York
957,Francisco Hicks,Springfield,Illinois
958,Martha Carney,New York City,New York
959,Francisco Hicks,Springfield,Illinois
960,Matthew Parker,Springfield,Illinois
961,Paul Bryant,Buffalo,New York
962,Paul Bryant,Buffalo,New York
963,Bruce Dennis,Austin,Texas
964,Joseph Bates,New York City,New York
965,Kelly Pacheco,Houston,Texas
966,Jeffrey Weber,Buffalo,New York
967,Andrew Krueger,Rochester,New York
968,Jeffrey Weber,Buffalo,New York
969,Andrew Krueger,Rochester,New York
970,Jeffrey Weber,Buffalo,New York
971,Andrew Krueger,Rochester,New York
972,Kathleen Cox,New York City,New York
973,Jamie Bradley,San Diego,California
974,Robert Martinez,Houston,Texas
975,Christopher Rogers,Chicago,Illinois
976,Roberto Parrish,Springfield,Illinois
977,Amber Kennedy,Tampa,Florida
978,Maria Davis,Buffalo,New York
979,Terry Gilbert,Miami,Florida
980,Devon Schmitt,Austin,Texas
981,Robert Mosley,Cincinnati,Ohio
982,Paul Scott,San Francisco,California
983,Paul Scott,San Francisco,California
984,Kristin Alvarez,Springfield,Illinois
985,Kevin Jackson,Buffalo,New York
986,Mrs. Lauren Potter DDS,Columbus,Ohio
987,Jason Brown,Chicago,Illinois
988,Jamie Santos,Los Angeles,California
989,Kristin Alvarez,Springfield,Illinois
990,Kevin Jackson,Buffalo,New York
991,Mrs. Lauren Potter DDS,Columbus,Ohio
992,Jason Brown,Chicago,Illinois
993,Jamie Santos,Los Angeles,California
994,James Taylor,Tampa,Florida
995,Alicia Vincent,Cincinnati,Ohio
996,Kenneth Adams,Cleveland,Ohio
997,Shelby Browning,Chicago,Illinois
998,Alicia Vincent,Cincinnati,Ohio
999,Kenneth Adams,Cleveland,Ohio
1000,Shelby Browning,Chicago,Illinois
1001,Alicia Vincent,Cincinnati,Ohio
1002,Kenneth Adams,Cleveland,Ohio
1003,Shelby Browning,Chicago,Illinois
1004,Johnny Hill,San Diego,California
1005,Nicholas Tucker,Miami,Florida
1006,Theresa Cline,Cleveland,Ohio
1007,Christine Wheeler,Tampa,Florida
1008,Carlos Wells,San Diego,California
1009,Randall Bell,New York City,New York
1010,Kendra Mckinney,Miami,Florida
1011,Kendra Mckinney,Miami,Florida
1012,Amanda Kim,Columbus,Ohio
1013,Megan Morgan,Cleveland,Ohio
1014,Vincent Kramer,Orlando,Florida
1015,Raymond Bean,Springfield,Illinois
1016,Reginald Hebert,Cincinnati,Ohio
1017,Jeremy Vazquez,Cleveland,Ohio
1018,Michael Stewart,Peoria,Illinois
1019,Kevin Johnson,Tampa,Florida
1020,Tara Hughes,Tampa,Florida
1021,Sandra Perkins,Tampa,Florida
1022,Heather Bell,San Francisco,California
1023,Nancy Boyd,Cincinnati,Ohio
1024,Raymond Reyes,San Diego,California
1025,Nancy Boyd,Cincinnati,Ohio
1026,Raymond Reyes,San Diego,California
1027,Cassandra Jordan,Peoria,Illinois
1028,Evelyn Harris,Buffalo,New York
1029,Shannon Maynard,Orlando,Florida
1030,Marie James,Buffalo,New York
1031,Maria Carroll,Cleveland,Ohio
1032,Jessica Sloan,Austin,Texas
1033,Scott Craig,Peoria,Illinois
1034,Kaitlin Brown,Dallas,Texas
1035,Kaitlin Brown,Dallas,Texas
1036,William Beck,Tampa,Florida
1037,Eric Mason,Orlando,Florida
1038,Lisa Lowe,Miami,Florida
1039,Roy Miller,San Francisco,California
1040,Christopher Espinoza,Columbus,Ohio
1041,Roy Miller,San Francisco,California
1042,Christopher Espinoza,Columbus,Ohio
1043,Claire Cole,Houston,Texas
1044,Eric Nunez,San Diego,California
1045,David Bell,Los Angeles,California
1046,Patrick Hensley MD,Cincinnati,Ohio
1047,John Cox,Peoria,Illinois
1048,Michelle Sullivan,Chicago,Illinois
1049,Angela Todd,New York City,New York
1050,Luke Saunders,Dallas,Texas
1051,Dr. Jennifer Benton DVM,Springfield,Illinois
1052,Luke Saunders,Dallas,Texas
1053,Dr. Jennifer Benton DVM,Springfield,Illinois
1054,Keith Smith,Miami,Florida
1055,Danielle Mitchell,Peoria,Illinois
1056,Jesus Hernandez,Los Angeles,California
1057,Jason Norman,Miami,Florida
1058,Laura Poole,Rochester,New York
1059,Sarah Wagner,Houston,Texas
1060,Sarah Wagner,Houston,Texas
1061,Bryan Baird,Peoria,Illinois
1062,Amy Thompson,Cincinnati,Ohio
1063,Ashley Wright,Cleveland,Ohio
1064,Michelle Lynch,Springfield,Illinois
1065,Ryan Hale,Cleveland,Ohio
1066,Marie Jefferson,Orlando,Florida
1067,Vanessa Smith,Houston,Texas
1068,Ryan Foster,Columbus,Ohio
1069,David Lara,San Diego,California
1070,Jonathan Young,Springfield,Illinois
1071,Debra Townsend,Cincinnati,Ohio
1072,John Thomas,San Francisco,California
1073,Bryan Anderson,Los Angeles,California
1074,Sarah Miller,New York City,New York
1075,Robert Hill,Columbus,Ohio
1076,Joshua Rojas,Miami,Florida
1077,Angelica Lewis,New York City,New York
1078,Jessica Russell,Dallas,Texas
1079,Mary Johnson,Rochester,New York
1080,Joseph Knight,Peoria,Illinois
1081,Jessica Greene,New York City,New York
1082,Vincent Perez,Rochester,New York
1083,Dennis Rivera,San Francisco,California
1084,Nancy Keller,Dallas,Texas
1085,Michelle Anderson,Cleveland,Ohio
1086,Anthony May,Tampa,Florida
1087,Michelle Guerra,New York City,New York
1088,Meghan Ballard,New York City,New York
1089,Brian Wheeler,Buffalo,New York
1090,William Rosario,Dallas,Texas
1091,Jessica Hunt,Springfield,Illinois
1092,Tony Chavez,Columbus,Ohio
1093,Mary Crawford,Cincinnati,Ohio
1094,Roger Morrison,Cincinnati,Ohio
1095,Bethany Harrison,Los Angeles,California
1096,Lisa Mcintyre,Orlando,Florida
1097,Carolyn Gonzalez,Miami,Florida
1098,Christina Oconnell,San Francisco,California
1099,James Garcia,Buffalo,New York
1100,Emily Frederick,Austin,Texas
1101,Shawn Wise,San Francisco,California
1102,Carrie Alvarez,Peoria,Illinois
1103,Carrie Alvarez,Peoria,Illinois
1104,Matthew James,Peoria,Illinois
1105,Jerry Alvarado,New York City,New York
1106,Paul Zimmerman,Rochester,New York
1107,Carl Ryan,Dallas,Texas
1108,Kelly Roberts,Buffalo,New York
1109,Jack Woods,Peoria,Illinois
1110,Albert Alexander Jr.,Cleveland,Ohio
1111,Teresa Perez,Austin,Texas
1112,Amanda Williams,Columbus,Ohio
1113,Kristen Lawson,Springfield,Illinois
1114,Jacob Stewart,Miami,Florida
1115,Daniel Brooks,Peoria,Illinois
1116,Aaron Dunn,Springfield,Illinois
1117,Jacob Martinez,Los Angeles,California
1118,Raymond Burgess,San Diego,California
1119,Jennifer Cooke,San Francisco,California
1120,Jennifer Cooke,San Francisco,California
1121,Tyrone White,San Diego,California
1122,Charles Williams,Dallas,Texas
1123,Amy Page,Columbus,Ohio
1124,Scott Gibbs,Los Angeles,California
1125,Scott Gibbs,Los Angeles,California
1126,Angela Roberts,Cleveland,Ohio
1127,Kyle Hernandez,Dallas,Texas
1128,Cynthia Ferguson,Austin,Texas
1129,Brandi Garcia,San Francisco,California
1130,Matthew Blake,San Francisco,California
1131,Lauren Howell,Buffalo,New York
1132,Joseph Wilson,Cincinnati,Ohio
1133,Tanner Vance,Houston,Texas
1134,Michael Nash,Buffalo,New York
1135,Brent Thomas,Peoria,Illinois
1136,Harold Mitchell,Austin,Texas
1137,Ashley Palmer,Miami,Florida
1138,Stephen Hogan,San Diego,California
1139,George Ashley,Houston,Texas
1140,Sara Bailey,Cincinnati,Ohio
1141,Tanya Thomas MD,Dallas,Texas
1142,Maria Galvan,Columbus,Ohio
1143,Duane Kelly,New York City,New York
1144,Frank Reynolds,Springfield,Illinois
1145,Aaron Kim,Buffalo,New York
1146,Aaron Kim,Buffalo,New York
1147,David Allen,Tampa,Florida
1148,Monica Lee,San Diego,California
1149,Kimberly Fuller,Cleveland,Ohio
1150,Erica Scott,Chicago,Illinois
1151,Melissa Mitchell,Chicago,Illinois
1152,Joshua Murray,Dallas,Texas
1153,John Jones,San Diego,California
1154,Cheryl Johnson,Cincinnati,Ohio
1155,Lisa Farmer,Houston,Texas
1156,Christopher Walker,Cincinnati,Ohio
1157,Elizabeth Coffey,Buffalo,New York
1158,Joseph Clark,Cincinnati,Ohio
1159,Jamie Brewer,Springfield,Illinois
1160,Lauren Boyer,Dallas,Texas
1161,Howard Esparza,Houston,Texas
1162,James Hickman,Cleveland,Ohio
1163,Jennifer Hernandez,Cleveland,Ohio
1164,Shannon Warren,New York City,New York
1165,Ashley Aguilar,Chicago,Illinois
1166,Daniel Price,New York City,New York
1167,James Perez,Orlando,Florida
1168,Jerry Smith,San Diego,California
1169,Andre Fernandez,Orlando,Florida
1170,Anthony West,San Diego,California
1171,Amber Flowers,Tampa,Florida
1172,Patricia Davis,Chicago,Illinois
1173,Jasmine Gibbs,Austin,Texas
1174,Nicole Dudley,New York City,New York
1175,Lori Colon,Buffalo,New York
1176,William Carr,Dallas,Texas
1177,Jeffrey Dixon,New York City,New York
1178,Robert Sexton,Los Angeles,California
1179,Brooke Gonzalez,Miami,Florida
1180,Victoria Bryant MD,San Francisco,California
1181,Nancy Kennedy,Dallas,Texas
1182,Andrew Barry,Peoria,Illinois
1183,Carlos Wheeler,Cleveland,Ohio
1184,Isabella Roach,Peoria,Illinois
1185,Samantha Williams,Orlando,Florida
1186,Samuel Little MD,Chicago,Illinois
1187,Paul Taylor,San Francisco,California
1188,Susan Baker,San Diego,California
1189,Mark Fry,Austin,Texas
1190,Megan Mclean,New York City,New York
1191,Caitlin Hunt,Rochester,New York
1192,Jenna Holland,Austin,Texas
1193,Stephanie Oconnell,Buffalo,New York
1194,Andrea Hill,Chicago,Illinois
