Date_ID,Order_Date,Year_Month,Year,Month,Quarter
1,2023-06-27,2023-06,2023,6,2
2,2024-12-27,2024-12,2024,12,4
3,2021-07-25,2021-07,2021,7,3
4,2023-06-27,2023-06,2023,6,2
5,2024-12-27,2024-12,2024,12,4
6,2021-07-25,2021-07,2021,7,3
7,2024-05-11,2024-05,2024,5,2
8,2021-10-09,2021-10,2021,10,4
9,2022-11-18,2022-11,2022,11,4
10,2022-11-18,2022-11,2022,11,4
11,2023-11-12,2023-11,2023,11,4
12,2020-03-23,2020-03,2020,3,1
13,2020-05-04,2020-05,2020,5,2
14,2020-05-04,2020-05,2020,5,2
15,2020-05-04,2020-05,2020,5,2
16,2023-11-09,2023-11,2023,11,4
17,2023-11-09,2023-11,2023,11,4
18,2024-12-30,2024-12,2024,12,4
19,2024-12-30,2024-12,2024,12,4
20,2025-02-11,2025-02,2025,2,1
21,2024-01-23,2024-01,2024,1,1
22,2020-11-28,2020-11,2020,11,4
23,2020-11-28,2020-11,2020,11,4
24,2024-05-30,2024-05,2024,5,2
25,2024-05-30,2024-05,2024,5,2
26,2024-05-30,2024-05,2024,5,2
27,2022-01-23,2022-01,2022,1,1
28,2021-12-17,2021-12,2021,12,4
29,2023-02-03,2023-02,2023,2,1
30,2022-10-30,2022-10,2022,10,4
31,2022-01-15,2022-01,2022,1,1
32,2023-12-14,2023-12,2023,12,4
33,2023-12-14,2023-12,2023,12,4
34,2023-07-03,2023-07,2023,7,3
35,2021-05-08,2021-05,2021,5,2
36,2023-07-03,2023-07,2023,7,3
37,2021-05-08,2021-05,2021,5,2
38,2022-10-07,2022-10,2022,10,4
39,2022-10-07,2022-10,2022,10,4
40,2024-08-06,2024-08,2024,8,3
41,2024-08-06,2024-08,2024,8,3
42,2024-08-06,2024-08,2024,8,3
43,2022-01-05,2022-01,2022,1,1
44,2020-10-17,2020-10,2020,10,4
45,2023-08-21,2023-08,2023,8,3
46,2022-01-05,2022-01,2022,1,1
47,2020-10-17,2020-10,2020,10,4
48,2023-08-21,2023-08,2023,8,3
49,2024-12-27,2024-12,2024,12,4
50,2021-06-18,2021-06,2021,6,2
51,2023-05-27,2023-05,2023,5,2
52,2021-10-12,2021-10,2021,10,4
53,2024-12-27,2024-12,2024,12,4
54,2021-06-18,2021-06,2021,6,2
55,2023-05-27,2023-05,2023,5,2
56,2021-10-12,2021-10,2021,10,4
57,2022-09-19,2022-09,2022,9,3
58,2022-03-25,2022-03,2022,3,1
59,2022-02-26,2022-02,2022,2,1
60,2021-04-05,2021-04,2021,4,2
61,2022-02-26,2022-02,2022,2,1
62,2021-04-05,2021-04,2021,4,2
63,2022-02-26,2022-02,2022,2,1
64,2021-04-05,2021-04,2021,4,2
65,2020-11-16,2020-11,2020,11,4
66,2020-11-16,2020-11,2020,11,4
67,2020-11-16,2020-11,2020,11,4
68,2024-12-12,2024-12,2024,12,4
69,2023-04-06,2023-04,2023,4,2
70,2024-12-12,2024-12,2024,12,4
71,2023-04-06,2023-04,2023,4,2
72,2024-12-12,2024-12,2024,12,4
73,2023-04-06,2023-04,2023,4,2
74,2024-12-12,2024-12,2024,12,4
75,2023-04-06,2023-04,2023,4,2
76,2024-01-28,2024-01,2024,1,1
77,2024-01-28,2024-01,2024,1,1
78,2022-01-16,2022-01,2022,1,1
79,2022-12-16,2022-12,2022,12,4
80,2023-07-13,2023-07,2023,7,3
81,2023-07-13,2023-07,2023,7,3
82,2023-07-13,2023-07,2023,7,3
83,2023-07-13,2023-07,2023,7,3
84,2025-03-10,2025-03,2025,3,1
85,2024-09-24,2024-09,2024,9,3
86,2025-03-10,2025-03,2025,3,1
87,2024-09-24,2024-09,2024,9,3
88,2020-04-13,2020-04,2020,4,2
89,2020-04-13,2020-04,2020,4,2
90,2022-06-27,2022-06,2022,6,2
91,2021-03-14,2021-03,2021,3,1
92,2022-02-23,2022-02,2022,2,1
93,2022-03-29,2022-03,2022,3,1
94,2022-11-20,2022-11,2022,11,4
95,2021-11-12,2021-11,2021,11,4
96,2021-11-12,2021-11,2021,11,4
97,2021-08-17,2021-08,2021,8,3
98,2022-05-16,2022-05,2022,5,2
99,2023-07-16,2023-07,2023,7,3
100,2023-07-16,2023-07,2023,7,3
101,2023-07-16,2023-07,2023,7,3
102,2020-08-18,2020-08,2020,8,3
103,2022-04-19,2022-04,2022,4,2
104,2022-12-23,2022-12,2022,12,4
105,2024-12-07,2024-12,2024,12,4
106,2022-02-03,2022-02,2022,2,1
107,2021-12-12,2021-12,2021,12,4
108,2022-02-03,2022-02,2022,2,1
109,2021-12-12,2021-12,2021,12,4
110,2022-02-03,2022-02,2022,2,1
111,2021-12-12,2021-12,2021,12,4
112,2020-05-17,2020-05,2020,5,2
113,2022-12-05,2022-12,2022,12,4
114,2024-09-17,2024-09,2024,9,3
115,2022-12-05,2022-12,2022,12,4
116,2024-09-17,2024-09,2024,9,3
117,2023-05-08,2023-05,2023,5,2
118,2021-03-03,2021-03,2021,3,1
119,2021-03-18,2021-03,2021,3,1
120,2023-04-24,2023-04,2023,4,2
121,2021-10-09,2021-10,2021,10,4
122,2022-04-15,2022-04,2022,4,2
123,2022-08-29,2022-08,2022,8,3
124,2021-10-09,2021-10,2021,10,4
125,2022-04-15,2022-04,2022,4,2
126,2022-08-29,2022-08,2022,8,3
127,2024-09-04,2024-09,2024,9,3
128,2021-05-18,2021-05,2021,5,2
129,2024-09-04,2024-09,2024,9,3
130,2021-05-18,2021-05,2021,5,2
131,2024-07-02,2024-07,2024,7,3
132,2024-07-02,2024-07,2024,7,3
133,2024-07-02,2024-07,2024,7,3
134,2024-07-02,2024-07,2024,7,3
135,2024-02-16,2024-02,2024,2,1
136,2024-02-16,2024-02,2024,2,1
137,2021-11-26,2021-11,2021,11,4
138,2021-11-26,2021-11,2021,11,4
139,2021-11-26,2021-11,2021,11,4
140,2024-02-01,2024-02,2024,2,1
141,2021-09-09,2021-09,2021,9,3
142,2021-09-08,2021-09,2021,9,3
143,2024-02-01,2024-02,2024,2,1
144,2021-09-09,2021-09,2021,9,3
145,2021-09-08,2021-09,2021,9,3
146,2024-07-09,2024-07,2024,7,3
147,2024-07-09,2024-07,2024,7,3
148,2024-07-09,2024-07,2024,7,3
149,2024-07-09,2024-07,2024,7,3
150,2023-02-28,2023-02,2023,2,1
151,2023-02-28,2023-02,2023,2,1
152,2023-02-28,2023-02,2023,2,1
153,2022-08-08,2022-08,2022,8,3
154,2022-12-07,2022-12,2022,12,4
155,2024-04-29,2024-04,2024,4,2
156,2022-12-07,2022-12,2022,12,4
157,2024-04-29,2024-04,2024,4,2
158,2022-12-07,2022-12,2022,12,4
159,2024-04-29,2024-04,2024,4,2
160,2022-12-07,2022-12,2022,12,4
161,2024-04-29,2024-04,2024,4,2
162,2022-01-02,2022-01,2022,1,1
163,2022-06-10,2022-06,2022,6,2
164,2021-11-16,2021-11,2021,11,4
165,2022-08-17,2022-08,2022,8,3
166,2022-06-10,2022-06,2022,6,2
167,2021-11-16,2021-11,2021,11,4
168,2022-08-17,2022-08,2022,8,3
169,2022-06-10,2022-06,2022,6,2
170,2021-11-16,2021-11,2021,11,4
171,2022-08-17,2022-08,2022,8,3
172,2021-11-23,2021-11,2021,11,4
173,2023-03-04,2023-03,2023,3,1
174,2023-12-16,2023-12,2023,12,4
175,2024-05-19,2024-05,2024,5,2
176,2020-05-14,2020-05,2020,5,2
177,2024-05-19,2024-05,2024,5,2
178,2020-05-14,2020-05,2020,5,2
179,2021-08-29,2021-08,2021,8,3
180,2024-11-10,2024-11,2024,11,4
181,2024-11-10,2024-11,2024,11,4
182,2021-12-05,2021-12,2021,12,4
183,2021-12-05,2021-12,2021,12,4
184,2024-07-05,2024-07,2024,7,3
185,2024-07-05,2024-07,2024,7,3
186,2024-06-25,2024-06,2024,6,2
187,2024-06-25,2024-06,2024,6,2
188,2024-05-31,2024-05,2024,5,2
189,2024-05-31,2024-05,2024,5,2
190,2020-10-20,2020-10,2020,10,4
191,2022-08-11,2022-08,2022,8,3
192,2021-10-17,2021-10,2021,10,4
193,2020-10-20,2020-10,2020,10,4
194,2022-08-11,2022-08,2022,8,3
195,2021-10-17,2021-10,2021,10,4
196,2022-02-23,2022-02,2022,2,1
197,2022-02-23,2022-02,2022,2,1
198,2023-09-20,2023-09,2023,9,3
199,2021-01-19,2021-01,2021,1,1
200,2021-01-19,2021-01,2021,1,1
201,2020-08-21,2020-08,2020,8,3
202,2023-04-17,2023-04,2023,4,2
203,2023-12-24,2023-12,2023,12,4
204,2020-08-21,2020-08,2020,8,3
205,2023-04-17,2023-04,2023,4,2
206,2023-12-24,2023-12,2023,12,4
207,2020-08-21,2020-08,2020,8,3
208,2023-04-17,2023-04,2023,4,2
209,2023-12-24,2023-12,2023,12,4
210,2020-08-21,2020-08,2020,8,3
211,2023-04-17,2023-04,2023,4,2
212,2023-12-24,2023-12,2023,12,4
213,2022-03-20,2022-03,2022,3,1
214,2021-08-12,2021-08,2021,8,3
215,2021-08-12,2021-08,2021,8,3
216,2020-12-21,2020-12,2020,12,4
217,2023-07-07,2023-07,2023,7,3
218,2023-08-13,2023-08,2023,8,3
219,2021-02-04,2021-02,2021,2,1
220,2022-09-16,2022-09,2022,9,3
221,2022-05-06,2022-05,2022,5,2
222,2021-05-28,2021-05,2021,5,2
223,2024-07-18,2024-07,2024,7,3
224,2024-12-06,2024-12,2024,12,4
225,2024-12-06,2024-12,2024,12,4
226,2024-12-06,2024-12,2024,12,4
227,2022-12-12,2022-12,2022,12,4
228,2022-10-20,2022-10,2022,10,4
229,2022-10-20,2022-10,2022,10,4
230,2021-03-24,2021-03,2021,3,1
231,2025-01-06,2025-01,2025,1,1
232,2021-03-24,2021-03,2021,3,1
233,2025-01-06,2025-01,2025,1,1
234,2021-03-06,2021-03,2021,3,1
235,2021-03-06,2021-03,2021,3,1
236,2021-03-06,2021-03,2021,3,1
237,2020-06-17,2020-06,2020,6,2
238,2023-09-01,2023-09,2023,9,3
239,2023-06-08,2023-06,2023,6,2
240,2023-06-08,2023-06,2023,6,2
241,2021-03-25,2021-03,2021,3,1
242,2021-03-25,2021-03,2021,3,1
243,2021-01-03,2021-01,2021,1,1
244,2021-01-03,2021-01,2021,1,1
245,2024-12-27,2024-12,2024,12,4
246,2022-08-12,2022-08,2022,8,3
247,2022-03-28,2022-03,2022,3,1
248,2023-07-15,2023-07,2023,7,3
249,2022-09-22,2022-09,2022,9,3
250,2022-03-28,2022-03,2022,3,1
251,2023-07-15,2023-07,2023,7,3
252,2022-09-22,2022-09,2022,9,3
253,2022-12-20,2022-12,2022,12,4
254,2022-01-16,2022-01,2022,1,1
255,2023-01-29,2023-01,2023,1,1
256,2022-01-15,2022-01,2022,1,1
257,2022-01-15,2022-01,2022,1,1
258,2024-03-24,2024-03,2024,3,1
259,2025-02-19,2025-02,2025,2,1
260,2024-07-13,2024-07,2024,7,3
261,2023-04-28,2023-04,2023,4,2
262,2020-12-05,2020-12,2020,12,4
263,2024-05-14,2024-05,2024,5,2
264,2022-01-18,2022-01,2022,1,1
265,2023-09-18,2023-09,2023,9,3
266,2023-09-18,2023-09,2023,9,3
267,2021-05-12,2021-05,2021,5,2
268,2023-09-17,2023-09,2023,9,3
269,2021-05-12,2021-05,2021,5,2
270,2023-09-17,2023-09,2023,9,3
271,2021-05-12,2021-05,2021,5,2
272,2023-09-17,2023-09,2023,9,3
273,2024-09-06,2024-09,2024,9,3
274,2022-06-18,2022-06,2022,6,2
275,2022-06-18,2022-06,2022,6,2
276,2020-05-22,2020-05,2020,5,2
277,2024-10-17,2024-10,2024,10,4
278,2024-10-17,2024-10,2024,10,4
279,2022-03-22,2022-03,2022,3,1
280,2024-03-17,2024-03,2024,3,1
281,2024-03-17,2024-03,2024,3,1
282,2020-04-02,2020-04,2020,4,2
283,2020-04-02,2020-04,2020,4,2
284,2024-03-13,2024-03,2024,3,1
285,2024-03-13,2024-03,2024,3,1
286,2023-03-21,2023-03,2023,3,1
287,2023-03-21,2023-03,2023,3,1
288,2023-03-21,2023-03,2023,3,1
289,2024-03-02,2024-03,2024,3,1
290,2021-04-30,2021-04,2021,4,2
291,2024-03-02,2024-03,2024,3,1
292,2021-04-30,2021-04,2021,4,2
293,2021-09-15,2021-09,2021,9,3
294,2023-01-28,2023-01,2023,1,1
295,2021-09-15,2021-09,2021,9,3
296,2023-01-28,2023-01,2023,1,1
297,2021-07-08,2021-07,2021,7,3
298,2020-04-08,2020-04,2020,4,2
299,2021-07-08,2021-07,2021,7,3
300,2020-04-08,2020-04,2020,4,2
301,2022-08-23,2022-08,2022,8,3
302,2022-08-23,2022-08,2022,8,3
303,2022-12-17,2022-12,2022,12,4
304,2022-06-08,2022-06,2022,6,2
305,2022-12-17,2022-12,2022,12,4
306,2022-06-08,2022-06,2022,6,2
307,2020-08-28,2020-08,2020,8,3
308,2020-09-26,2020-09,2020,9,3
309,2020-12-13,2020-12,2020,12,4
310,2020-11-19,2020-11,2020,11,4
311,2023-09-13,2023-09,2023,9,3
312,2023-09-13,2023-09,2023,9,3
313,2023-09-13,2023-09,2023,9,3
314,2020-03-31,2020-03,2020,3,1
315,2020-10-20,2020-10,2020,10,4
316,2020-03-31,2020-03,2020,3,1
317,2020-10-20,2020-10,2020,10,4
318,2023-08-04,2023-08,2023,8,3
319,2022-04-11,2022-04,2022,4,2
320,2022-04-11,2022-04,2022,4,2
321,2022-04-11,2022-04,2022,4,2
322,2021-12-31,2021-12,2021,12,4
323,2021-12-31,2021-12,2021,12,4
324,2020-08-16,2020-08,2020,8,3
325,2025-02-02,2025-02,2025,2,1
326,2022-02-24,2022-02,2022,2,1
327,2022-02-24,2022-02,2022,2,1
328,2024-02-25,2024-02,2024,2,1
329,2021-06-15,2021-06,2021,6,2
330,2024-02-25,2024-02,2024,2,1
331,2021-06-15,2021-06,2021,6,2
332,2022-12-08,2022-12,2022,12,4
333,2023-12-09,2023-12,2023,12,4
334,2022-07-16,2022-07,2022,7,3
335,2024-05-05,2024-05,2024,5,2
336,2021-10-04,2021-10,2021,10,4
337,2021-11-20,2021-11,2021,11,4
338,2021-11-20,2021-11,2021,11,4
339,2021-11-20,2021-11,2021,11,4
340,2020-09-15,2020-09,2020,9,3
341,2020-09-15,2020-09,2020,9,3
342,2020-09-15,2020-09,2020,9,3
343,2023-01-17,2023-01,2023,1,1
344,2020-06-16,2020-06,2020,6,2
345,2024-05-01,2024-05,2024,5,2
346,2023-12-07,2023-12,2023,12,4
347,2023-12-07,2023-12,2023,12,4
348,2024-02-02,2024-02,2024,2,1
349,2024-06-23,2024-06,2024,6,2
350,2024-06-23,2024-06,2024,6,2
351,2024-06-23,2024-06,2024,6,2
352,2024-06-07,2024-06,2024,6,2
353,2023-10-13,2023-10,2023,10,4
354,2023-10-13,2023-10,2023,10,4
355,2022-10-08,2022-10,2022,10,4
356,2023-10-27,2023-10,2023,10,4
357,2021-02-09,2021-02,2021,2,1
358,2022-10-08,2022-10,2022,10,4
359,2023-10-27,2023-10,2023,10,4
360,2021-02-09,2021-02,2021,2,1
361,2022-10-08,2022-10,2022,10,4
362,2023-10-27,2023-10,2023,10,4
363,2021-02-09,2021-02,2021,2,1
364,2022-10-08,2022-10,2022,10,4
365,2023-10-27,2023-10,2023,10,4
366,2021-02-09,2021-02,2021,2,1
367,2020-11-03,2020-11,2020,11,4
368,2022-05-30,2022-05,2022,5,2
369,2022-05-30,2022-05,2022,5,2
370,2022-05-30,2022-05,2022,5,2
371,2024-06-16,2024-06,2024,6,2
372,2024-06-16,2024-06,2024,6,2
373,2024-06-16,2024-06,2024,6,2
374,2024-06-16,2024-06,2024,6,2
375,2022-07-15,2022-07,2022,7,3
376,2022-07-15,2022-07,2022,7,3
377,2021-07-18,2021-07,2021,7,3
378,2021-10-02,2021-10,2021,10,4
379,2024-04-16,2024-04,2024,4,2
380,2024-04-16,2024-04,2024,4,2
381,2020-07-09,2020-07,2020,7,3
382,2020-07-25,2020-07,2020,7,3
383,2024-01-24,2024-01,2024,1,1
384,2020-05-04,2020-05,2020,5,2
385,2021-11-13,2021-11,2021,11,4
386,2023-10-07,2023-10,2023,10,4
387,2021-10-23,2021-10,2021,10,4
388,2021-10-23,2021-10,2021,10,4
389,2022-07-18,2022-07,2022,7,3
390,2024-08-23,2024-08,2024,8,3
391,2024-08-23,2024-08,2024,8,3
392,2024-08-23,2024-08,2024,8,3
393,2020-10-28,2020-10,2020,10,4
394,2024-06-15,2024-06,2024,6,2
395,2024-12-19,2024-12,2024,12,4
396,2020-09-04,2020-09,2020,9,3
397,2022-04-16,2022-04,2022,4,2
398,2024-08-29,2024-08,2024,8,3
399,2022-01-14,2022-01,2022,1,1
400,2024-04-07,2024-04,2024,4,2
401,2022-04-24,2022-04,2022,4,2
402,2022-04-24,2022-04,2022,4,2
403,2020-08-27,2020-08,2020,8,3
404,2023-03-01,2023-03,2023,3,1
405,2023-03-01,2023-03,2023,3,1
406,2023-03-01,2023-03,2023,3,1
407,2020-10-02,2020-10,2020,10,4
408,2020-06-23,2020-06,2020,6,2
409,2023-08-21,2023-08,2023,8,3
410,2022-07-16,2022-07,2022,7,3
411,2022-08-01,2022-08,2022,8,3
412,2020-07-16,2020-07,2020,7,3
413,2020-05-02,2020-05,2020,5,2
414,2020-05-02,2020-05,2020,5,2
415,2020-05-02,2020-05,2020,5,2
416,2024-01-10,2024-01,2024,1,1
417,2020-09-30,2020-09,2020,9,3
418,2022-03-28,2022-03,2022,3,1
419,2021-01-30,2021-01,2021,1,1
420,2025-03-14,2025-03,2025,3,1
421,2021-10-26,2021-10,2021,10,4
422,2023-01-11,2023-01,2023,1,1
423,2021-10-26,2021-10,2021,10,4
424,2023-01-11,2023-01,2023,1,1
425,2021-10-31,2021-10,2021,10,4
426,2023-05-04,2023-05,2023,5,2
427,2024-08-09,2024-08,2024,8,3
428,2022-08-21,2022-08,2022,8,3
429,2022-08-21,2022-08,2022,8,3
430,2022-06-19,2022-06,2022,6,2
431,2022-06-19,2022-06,2022,6,2
432,2025-01-29,2025-01,2025,1,1
433,2025-01-29,2025-01,2025,1,1
434,2022-01-14,2022-01,2022,1,1
435,2022-01-14,2022-01,2022,1,1
436,2022-01-14,2022-01,2022,1,1
437,2023-06-15,2023-06,2023,6,2
438,2023-10-18,2023-10,2023,10,4
439,2022-06-13,2022-06,2022,6,2
440,2023-10-18,2023-10,2023,10,4
441,2022-06-13,2022-06,2022,6,2
442,2023-10-18,2023-10,2023,10,4
443,2022-06-13,2022-06,2022,6,2
444,2024-06-12,2024-06,2024,6,2
445,2024-06-12,2024-06,2024,6,2
446,2024-06-12,2024-06,2024,6,2
447,2024-06-12,2024-06,2024,6,2
448,2022-06-27,2022-06,2022,6,2
449,2022-06-27,2022-06,2022,6,2
450,2021-02-18,2021-02,2021,2,1
451,2021-02-18,2021-02,2021,2,1
452,2021-02-18,2021-02,2021,2,1
453,2023-05-29,2023-05,2023,5,2
454,2021-06-04,2021-06,2021,6,2
455,2024-01-22,2024-01,2024,1,1
456,2022-12-27,2022-12,2022,12,4
457,2024-01-22,2024-01,2024,1,1
458,2022-12-27,2022-12,2022,12,4
459,2024-01-22,2024-01,2024,1,1
460,2022-12-27,2022-12,2022,12,4
461,2024-03-30,2024-03,2024,3,1
462,2020-04-04,2020-04,2020,4,2
463,2020-04-04,2020-04,2020,4,2
464,2020-04-04,2020-04,2020,4,2
465,2023-01-22,2023-01,2023,1,1
466,2022-04-12,2022-04,2022,4,2
467,2023-12-13,2023-12,2023,12,4
468,2023-01-22,2023-01,2023,1,1
469,2022-04-12,2022-04,2022,4,2
470,2023-12-13,2023-12,2023,12,4
471,2023-05-24,2023-05,2023,5,2
472,2020-11-29,2020-11,2020,11,4
473,2021-03-24,2021-03,2021,3,1
474,2021-03-24,2021-03,2021,3,1
475,2020-08-19,2020-08,2020,8,3
476,2022-10-20,2022-10,2022,10,4
477,2023-09-20,2023-09,2023,9,3
478,2024-12-26,2024-12,2024,12,4
479,2023-09-20,2023-09,2023,9,3
480,2024-12-26,2024-12,2024,12,4
481,2021-12-03,2021-12,2021,12,4
482,2021-12-03,2021-12,2021,12,4
483,2021-09-14,2021-09,2021,9,3
484,2021-09-30,2021-09,2021,9,3
485,2021-12-22,2021-12,2021,12,4
486,2021-12-22,2021-12,2021,12,4
487,2021-12-22,2021-12,2021,12,4
488,2022-05-18,2022-05,2022,5,2
489,2020-10-08,2020-10,2020,10,4
490,2020-10-08,2020-10,2020,10,4
491,2022-08-20,2022-08,2022,8,3
492,2024-11-25,2024-11,2024,11,4
493,2022-08-20,2022-08,2022,8,3
494,2024-11-25,2024-11,2024,11,4
495,2020-09-30,2020-09,2020,9,3
496,2025-02-20,2025-02,2025,2,1
497,2022-03-20,2022-03,2022,3,1
498,2020-09-30,2020-09,2020,9,3
499,2025-02-20,2025-02,2025,2,1
500,2022-03-20,2022-03,2022,3,1
501,2025-03-07,2025-03,2025,3,1
502,2025-03-07,2025-03,2025,3,1
503,2025-03-07,2025-03,2025,3,1
504,2024-06-16,2024-06,2024,6,2
505,2020-11-21,2020-11,2020,11,4
506,2024-10-01,2024-10,2024,10,4
507,2024-07-01,2024-07,2024,7,3
508,2024-06-16,2024-06,2024,6,2
509,2020-11-21,2020-11,2020,11,4
510,2024-10-01,2024-10,2024,10,4
511,2024-07-01,2024-07,2024,7,3
512,2020-11-23,2020-11,2020,11,4
513,2023-03-18,2023-03,2023,3,1
514,2022-10-19,2022-10,2022,10,4
515,2023-08-31,2023-08,2023,8,3
516,2021-06-06,2021-06,2021,6,2
517,2022-12-21,2022-12,2022,12,4
518,2022-12-21,2022-12,2022,12,4
519,2024-02-12,2024-02,2024,2,1
520,2022-12-05,2022-12,2022,12,4
521,2022-12-05,2022-12,2022,12,4
522,2021-04-04,2021-04,2021,4,2
523,2021-02-12,2021-02,2021,2,1
524,2022-12-27,2022-12,2022,12,4
525,2024-01-19,2024-01,2024,1,1
526,2021-02-12,2021-02,2021,2,1
527,2022-12-27,2022-12,2022,12,4
528,2024-01-19,2024-01,2024,1,1
529,2022-12-25,2022-12,2022,12,4
530,2022-12-25,2022-12,2022,12,4
531,2022-12-25,2022-12,2022,12,4
532,2022-10-06,2022-10,2022,10,4
533,2020-04-27,2020-04,2020,4,2
534,2024-05-13,2024-05,2024,5,2
535,2020-04-27,2020-04,2020,4,2
536,2024-05-13,2024-05,2024,5,2
537,2020-10-23,2020-10,2020,10,4
538,2020-10-23,2020-10,2020,10,4
539,2020-10-23,2020-10,2020,10,4
540,2021-06-11,2021-06,2021,6,2
541,2021-09-08,2021-09,2021,9,3
542,2022-11-23,2022-11,2022,11,4
543,2022-10-31,2022-10,2022,10,4
544,2023-11-06,2023-11,2023,11,4
545,2023-11-12,2023-11,2023,11,4
546,2023-06-26,2023-06,2023,6,2
547,2023-09-30,2023-09,2023,9,3
548,2023-06-26,2023-06,2023,6,2
549,2023-09-30,2023-09,2023,9,3
550,2020-09-12,2020-09,2020,9,3
551,2020-09-12,2020-09,2020,9,3
552,2020-11-27,2020-11,2020,11,4
553,2022-08-25,2022-08,2022,8,3
554,2023-08-23,2023-08,2023,8,3
555,2023-10-11,2023-10,2023,10,4
556,2022-04-21,2022-04,2022,4,2
557,2023-09-14,2023-09,2023,9,3
558,2020-04-29,2020-04,2020,4,2
559,2020-12-15,2020-12,2020,12,4
560,2023-09-14,2023-09,2023,9,3
561,2020-04-29,2020-04,2020,4,2
562,2020-12-15,2020-12,2020,12,4
563,2024-07-11,2024-07,2024,7,3
564,2024-09-21,2024-09,2024,9,3
565,2025-02-02,2025-02,2025,2,1
566,2022-10-21,2022-10,2022,10,4
567,2020-10-21,2020-10,2020,10,4
568,2022-10-21,2022-10,2022,10,4
569,2020-10-21,2020-10,2020,10,4
570,2022-10-21,2022-10,2022,10,4
571,2020-10-21,2020-10,2020,10,4
572,2022-01-11,2022-01,2022,1,1
573,2021-02-17,2021-02,2021,2,1
574,2022-01-11,2022-01,2022,1,1
575,2021-02-17,2021-02,2021,2,1
576,2021-11-06,2021-11,2021,11,4
577,2022-08-30,2022-08,2022,8,3
578,2022-10-07,2022-10,2022,10,4
579,2022-10-07,2022-10,2022,10,4
580,2023-06-04,2023-06,2023,6,2
581,2023-06-04,2023-06,2023,6,2
582,2023-06-04,2023-06,2023,6,2
583,2022-05-13,2022-05,2022,5,2
584,2023-01-23,2023-01,2023,1,1
585,2021-07-25,2021-07,2021,7,3
586,2025-03-08,2025-03,2025,3,1
587,2022-12-25,2022-12,2022,12,4
588,2022-12-25,2022-12,2022,12,4
589,2022-12-25,2022-12,2022,12,4
590,2024-04-24,2024-04,2024,4,2
591,2021-12-24,2021-12,2021,12,4
592,2023-09-07,2023-09,2023,9,3
593,2021-08-10,2021-08,2021,8,3
594,2024-05-26,2024-05,2024,5,2
595,2022-02-19,2022-02,2022,2,1
596,2024-12-09,2024-12,2024,12,4
597,2023-06-01,2023-06,2023,6,2
598,2023-11-05,2023-11,2023,11,4
599,2020-06-21,2020-06,2020,6,2
600,2020-10-26,2020-10,2020,10,4
601,2022-06-06,2022-06,2022,6,2
602,2021-11-13,2021-11,2021,11,4
603,2022-06-06,2022-06,2022,6,2
604,2021-11-13,2021-11,2021,11,4
605,2021-11-11,2021-11,2021,11,4
606,2021-11-11,2021-11,2021,11,4
607,2021-07-31,2021-07,2021,7,3
608,2021-07-31,2021-07,2021,7,3
609,2024-04-13,2024-04,2024,4,2
610,2022-04-19,2022-04,2022,4,2
611,2024-03-23,2024-03,2024,3,1
612,2021-05-07,2021-05,2021,5,2
613,2021-05-07,2021-05,2021,5,2
614,2022-05-06,2022-05,2022,5,2
615,2021-08-09,2021-08,2021,8,3
616,2025-02-09,2025-02,2025,2,1
617,2024-04-23,2024-04,2024,4,2
618,2023-02-23,2023-02,2023,2,1
619,2024-06-06,2024-06,2024,6,2
620,2023-02-23,2023-02,2023,2,1
621,2024-06-06,2024-06,2024,6,2
622,2025-01-27,2025-01,2025,1,1
623,2023-04-07,2023-04,2023,4,2
624,2022-01-20,2022-01,2022,1,1
625,2022-05-10,2022-05,2022,5,2
626,2024-05-29,2024-05,2024,5,2
627,2022-01-04,2022-01,2022,1,1
628,2024-05-02,2024-05,2024,5,2
629,2021-12-28,2021-12,2021,12,4
630,2022-12-12,2022-12,2022,12,4
631,2023-08-17,2023-08,2023,8,3
632,2021-11-29,2021-11,2021,11,4
633,2023-08-17,2023-08,2023,8,3
634,2021-11-29,2021-11,2021,11,4
635,2021-06-13,2021-06,2021,6,2
636,2022-07-04,2022-07,2022,7,3
637,2022-07-04,2022-07,2022,7,3
638,2021-06-27,2021-06,2021,6,2
639,2021-06-27,2021-06,2021,6,2
640,2023-12-04,2023-12,2023,12,4
641,2023-12-04,2023-12,2023,12,4
642,2022-08-09,2022-08,2022,8,3
643,2020-04-08,2020-04,2020,4,2
644,2020-04-08,2020-04,2020,4,2
645,2023-10-20,2023-10,2023,10,4
646,2022-02-10,2022-02,2022,2,1
647,2023-10-05,2023-10,2023,10,4
648,2022-02-10,2022-02,2022,2,1
649,2023-10-05,2023-10,2023,10,4
650,2022-09-22,2022-09,2022,9,3
651,2021-04-03,2021-04,2021,4,2
652,2021-05-03,2021-05,2021,5,2
653,2024-02-11,2024-02,2024,2,1
654,2025-02-04,2025-02,2025,2,1
655,2022-10-12,2022-10,2022,10,4
656,2022-10-12,2022-10,2022,10,4
657,2022-02-06,2022-02,2022,2,1
658,2020-11-09,2020-11,2020,11,4
659,2023-05-03,2023-05,2023,5,2
660,2022-10-04,2022-10,2022,10,4
661,2024-08-21,2024-08,2024,8,3
662,2021-11-20,2021-11,2021,11,4
663,2020-05-13,2020-05,2020,5,2
664,2023-02-28,2023-02,2023,2,1
665,2023-02-28,2023-02,2023,2,1
666,2021-01-21,2021-01,2021,1,1
667,2022-02-28,2022-02,2022,2,1
668,2021-01-21,2021-01,2021,1,1
669,2022-02-28,2022-02,2022,2,1
670,2024-04-25,2024-04,2024,4,2
671,2023-03-10,2023-03,2023,3,1
672,2023-07-10,2023-07,2023,7,3
673,2024-04-25,2024-04,2024,4,2
674,2023-03-10,2023-03,2023,3,1
675,2023-07-10,2023-07,2023,7,3
676,2024-07-28,2024-07,2024,7,3
677,2024-07-28,2024-07,2024,7,3
678,2023-07-30,2023-07,2023,7,3
679,2023-07-30,2023-07,2023,7,3
680,2023-07-30,2023-07,2023,7,3
681,2024-10-05,2024-10,2024,10,4
682,2024-10-05,2024-10,2024,10,4
683,2024-02-20,2024-02,2024,2,1
684,2024-02-20,2024-02,2024,2,1
685,2023-04-19,2023-04,2023,4,2
686,2023-10-29,2023-10,2023,10,4
687,2022-03-08,2022-03,2022,3,1
688,2022-12-08,2022-12,2022,12,4
689,2022-03-08,2022-03,2022,3,1
690,2022-12-08,2022-12,2022,12,4
691,2022-03-08,2022-03,2022,3,1
692,2022-12-08,2022-12,2022,12,4
693,2022-03-08,2022-03,2022,3,1
694,2022-12-08,2022-12,2022,12,4
695,2024-07-27,2024-07,2024,7,3
696,2022-07-05,2022-07,2022,7,3
697,2024-07-04,2024-07,2024,7,3
698,2024-02-28,2024-02,2024,2,1
699,2025-01-03,2025-01,2025,1,1
700,2021-12-07,2021-12,2021,12,4
701,2021-12-14,2021-12,2021,12,4
702,2020-11-30,2020-11,2020,11,4
703,2021-12-14,2021-12,2021,12,4
704,2020-11-30,2020-11,2020,11,4
705,2021-12-29,2021-12,2021,12,4
706,2021-12-29,2021-12,2021,12,4
707,2024-07-08,2024-07,2024,7,3
708,2021-02-10,2021-02,2021,2,1
709,2020-10-21,2020-10,2020,10,4
710,2023-04-17,2023-04,2023,4,2
711,2020-10-21,2020-10,2020,10,4
712,2023-12-28,2023-12,2023,12,4
713,2023-12-28,2023-12,2023,12,4
714,2022-12-23,2022-12,2022,12,4
715,2022-08-10,2022-08,2022,8,3
716,2022-12-23,2022-12,2022,12,4
717,2022-08-10,2022-08,2022,8,3
718,2023-10-17,2023-10,2023,10,4
719,2022-02-28,2022-02,2022,2,1
720,2024-05-24,2024-05,2024,5,2
721,2020-10-02,2020-10,2020,10,4
722,2020-10-02,2020-10,2020,10,4
723,2024-02-10,2024-02,2024,2,1
724,2021-02-06,2021-02,2021,2,1
725,2022-03-16,2022-03,2022,3,1
726,2020-05-24,2020-05,2020,5,2
727,2025-02-16,2025-02,2025,2,1
728,2021-11-16,2021-11,2021,11,4
729,2024-09-08,2024-09,2024,9,3
730,2020-05-24,2020-05,2020,5,2
731,2025-02-16,2025-02,2025,2,1
732,2021-11-16,2021-11,2021,11,4
733,2024-09-08,2024-09,2024,9,3
734,2022-06-29,2022-06,2022,6,2
735,2022-06-29,2022-06,2022,6,2
736,2022-06-29,2022-06,2022,6,2
737,2022-11-03,2022-11,2022,11,4
738,2023-11-28,2023-11,2023,11,4
739,2020-04-25,2020-04,2020,4,2
740,2022-01-18,2022-01,2022,1,1
741,2022-01-18,2022-01,2022,1,1
742,2022-01-18,2022-01,2022,1,1
743,2022-01-18,2022-01,2022,1,1
744,2022-03-23,2022-03,2022,3,1
745,2020-06-24,2020-06,2020,6,2
746,2022-12-23,2022-12,2022,12,4
747,2024-11-24,2024-11,2024,11,4
748,2020-11-06,2020-11,2020,11,4
749,2023-10-24,2023-10,2023,10,4
750,2022-03-23,2022-03,2022,3,1
751,2020-06-24,2020-06,2020,6,2
752,2022-12-23,2022-12,2022,12,4
753,2024-11-24,2024-11,2024,11,4
754,2020-11-06,2020-11,2020,11,4
755,2023-10-24,2023-10,2023,10,4
756,2023-07-18,2023-07,2023,7,3
757,2022-05-16,2022-05,2022,5,2
758,2023-07-18,2023-07,2023,7,3
759,2022-05-16,2022-05,2022,5,2
760,2024-06-16,2024-06,2024,6,2
761,2021-10-23,2021-10,2021,10,4
762,2022-10-22,2022-10,2022,10,4
763,2023-07-17,2023-07,2023,7,3
764,2025-02-24,2025-02,2025,2,1
765,2025-02-24,2025-02,2025,2,1
766,2021-03-07,2021-03,2021,3,1
767,2021-01-03,2021-01,2021,1,1
768,2023-05-03,2023-05,2023,5,2
769,2023-10-25,2023-10,2023,10,4
770,2022-08-21,2022-08,2022,8,3
771,2022-04-16,2022-04,2022,4,2
772,2023-04-02,2023-04,2023,4,2
773,2024-10-21,2024-10,2024,10,4
774,2024-10-21,2024-10,2024,10,4
775,2021-07-09,2021-07,2021,7,3
776,2022-04-08,2022-04,2022,4,2
777,2022-04-30,2022-04,2022,4,2
778,2023-01-20,2023-01,2023,1,1
779,2024-11-17,2024-11,2024,11,4
780,2022-04-23,2022-04,2022,4,2
781,2025-02-18,2025-02,2025,2,1
782,2021-05-27,2021-05,2021,5,2
783,2022-01-17,2022-01,2022,1,1
784,2025-01-15,2025-01,2025,1,1
785,2021-02-14,2021-02,2021,2,1
786,2024-08-31,2024-08,2024,8,3
787,2022-12-26,2022-12,2022,12,4
788,2024-03-21,2024-03,2024,3,1
789,2020-12-15,2020-12,2020,12,4
790,2023-03-21,2023-03,2023,3,1
791,2023-06-08,2023-06,2023,6,2
792,2022-07-17,2022-07,2022,7,3
793,2024-12-05,2024-12,2024,12,4
794,2022-07-17,2022-07,2022,7,3
795,2024-12-05,2024-12,2024,12,4
796,2023-11-02,2023-11,2023,11,4
797,2024-10-05,2024-10,2024,10,4
798,2022-11-13,2022-11,2022,11,4
799,2022-12-28,2022-12,2022,12,4
800,2025-02-26,2025-02,2025,2,1
801,2022-11-12,2022-11,2022,11,4
802,2022-11-12,2022-11,2022,11,4
803,2021-06-07,2021-06,2021,6,2
804,2020-09-26,2020-09,2020,9,3
805,2024-04-29,2024-04,2024,4,2
806,2024-04-29,2024-04,2024,4,2
807,2024-04-29,2024-04,2024,4,2
808,2024-04-10,2024-04,2024,4,2
809,2023-12-21,2023-12,2023,12,4
810,2024-05-02,2024-05,2024,5,2
811,2024-11-21,2024-11,2024,11,4
812,2022-03-17,2022-03,2022,3,1
813,2023-05-14,2023-05,2023,5,2
814,2024-10-07,2024-10,2024,10,4
815,2020-09-08,2020-09,2020,9,3
816,2021-08-19,2021-08,2021,8,3
817,2022-10-12,2022-10,2022,10,4
818,2020-05-23,2020-05,2020,5,2
819,2020-04-18,2020-04,2020,4,2
820,2022-10-12,2022-10,2022,10,4
821,2020-05-23,2020-05,2020,5,2
822,2020-04-18,2020-04,2020,4,2
823,2022-06-04,2022-06,2022,6,2
824,2022-06-04,2022-06,2022,6,2
825,2022-11-16,2022-11,2022,11,4
826,2024-07-18,2024-07,2024,7,3
827,2023-07-16,2023-07,2023,7,3
828,2020-08-10,2020-08,2020,8,3
829,2024-06-22,2024-06,2024,6,2
830,2020-07-13,2020-07,2020,7,3
831,2024-04-16,2024-04,2024,4,2
832,2021-03-13,2021-03,2021,3,1
833,2023-04-01,2023-04,2023,4,2
834,2020-11-10,2020-11,2020,11,4
835,2023-06-08,2023-06,2023,6,2
836,2021-08-17,2021-08,2021,8,3
837,2020-05-24,2020-05,2020,5,2
838,2021-08-12,2021-08,2021,8,3
839,2022-09-03,2022-09,2022,9,3
840,2020-10-01,2020-10,2020,10,4
841,2022-05-27,2022-05,2022,5,2
842,2022-05-27,2022-05,2022,5,2
843,2024-03-10,2024-03,2024,3,1
844,2023-10-05,2023-10,2023,10,4
845,2024-03-10,2024-03,2024,3,1
846,2023-10-05,2023-10,2023,10,4
847,2022-08-28,2022-08,2022,8,3
848,2020-09-08,2020-09,2020,9,3
849,2021-04-27,2021-04,2021,4,2
850,2021-08-21,2021-08,2021,8,3
851,2021-05-16,2021-05,2021,5,2
852,2021-08-21,2021-08,2021,8,3
853,2021-05-16,2021-05,2021,5,2
854,2022-01-15,2022-01,2022,1,1
855,2023-03-21,2023-03,2023,3,1
856,2023-12-28,2023-12,2023,12,4
857,2022-02-15,2022-02,2022,2,1
858,2023-11-30,2023-11,2023,11,4
859,2023-01-12,2023-01,2023,1,1
860,2023-05-19,2023-05,2023,5,2
861,2023-01-12,2023-01,2023,1,1
862,2023-05-19,2023-05,2023,5,2
863,2024-02-19,2024-02,2024,2,1
864,2021-12-01,2021-12,2021,12,4
865,2021-12-01,2021-12,2021,12,4
866,2024-12-19,2024-12,2024,12,4
867,2023-01-18,2023-01,2023,1,1
868,2020-12-23,2020-12,2020,12,4
869,2021-02-28,2021-02,2021,2,1
870,2023-05-04,2023-05,2023,5,2
871,2020-04-22,2020-04,2020,4,2
872,2021-08-13,2021-08,2021,8,3
873,2023-05-04,2023-05,2023,5,2
874,2020-04-22,2020-04,2020,4,2
875,2021-08-13,2021-08,2021,8,3
876,2023-07-20,2023-07,2023,7,3
877,2022-08-28,2022-08,2022,8,3
878,2023-03-14,2023-03,2023,3,1
879,2023-11-07,2023-11,2023,11,4
880,2024-04-16,2024-04,2024,4,2
881,2023-11-07,2023-11,2023,11,4
882,2024-04-16,2024-04,2024,4,2
883,2022-09-16,2022-09,2022,9,3
884,2024-10-31,2024-10,2024,10,4
885,2024-11-25,2024-11,2024,11,4
886,2021-10-29,2021-10,2021,10,4
887,2023-12-27,2023-12,2023,12,4
888,2023-06-25,2023-06,2023,6,2
889,2020-09-01,2020-09,2020,9,3
890,2025-02-01,2025-02,2025,2,1
891,2023-07-22,2023-07,2023,7,3
892,2022-02-04,2022-02,2022,2,1
893,2023-09-27,2023-09,2023,9,3
894,2025-01-30,2025-01,2025,1,1
895,2023-09-27,2023-09,2023,9,3
896,2025-01-30,2025-01,2025,1,1
897,2023-09-27,2023-09,2023,9,3
898,2025-01-30,2025-01,2025,1,1
899,2025-01-15,2025-01,2025,1,1
900,2021-03-28,2021-03,2021,3,1
901,2021-12-25,2021-12,2021,12,4
902,2023-02-03,2023-02,2023,2,1
903,2023-04-28,2023-04,2023,4,2
904,2024-11-22,2024-11,2024,11,4
905,2023-02-03,2023-02,2023,2,1
906,2023-04-28,2023-04,2023,4,2
907,2024-11-22,2024-11,2024,11,4
908,2024-07-02,2024-07,2024,7,3
909,2024-07-02,2024-07,2024,7,3
910,2022-01-18,2022-01,2022,1,1
911,2024-10-08,2024-10,2024,10,4
912,2024-10-08,2024-10,2024,10,4
913,2020-06-21,2020-06,2020,6,2
914,2023-12-14,2023-12,2023,12,4
915,2020-12-16,2020-12,2020,12,4
916,2025-03-15,2025-03,2025,3,1
917,2024-08-21,2024-08,2024,8,3
918,2024-08-21,2024-08,2024,8,3
919,2021-05-27,2021-05,2021,5,2
920,2020-09-21,2020-09,2020,9,3
921,2025-01-11,2025-01,2025,1,1
922,2021-10-20,2021-10,2021,10,4
923,2021-10-20,2021-10,2021,10,4
924,2021-10-19,2021-10,2021,10,4
925,2024-07-07,2024-07,2024,7,3
926,2023-07-25,2023-07,2023,7,3
927,2020-04-16,2020-04,2020,4,2
928,2020-07-04,2020-07,2020,7,3
929,2022-05-16,2022-05,2022,5,2
930,2022-05-16,2022-05,2022,5,2
931,2023-11-25,2023-11,2023,11,4
932,2021-08-17,2021-08,2021,8,3
933,2023-07-02,2023-07,2023,7,3
934,2020-08-24,2020-08,2020,8,3
935,2022-11-07,2022-11,2022,11,4
936,2024-03-27,2024-03,2024,3,1
937,2024-09-01,2024-09,2024,9,3
938,2022-02-22,2022-02,2022,2,1
939,2024-03-27,2024-03,2024,3,1
940,2024-09-01,2024-09,2024,9,3
941,2022-02-22,2022-02,2022,2,1
942,2022-02-11,2022-02,2022,2,1
943,2022-02-11,2022-02,2022,2,1
944,2022-02-11,2022-02,2022,2,1
945,2021-05-27,2021-05,2021,5,2
946,2023-07-05,2023-07,2023,7,3
947,2020-10-27,2020-10,2020,10,4
948,2021-05-27,2021-05,2021,5,2
949,2023-07-05,2023-07,2023,7,3
950,2020-10-27,2020-10,2020,10,4
951,2023-01-26,2023-01,2023,1,1
952,2021-09-06,2021-09,2021,9,3
953,2021-11-12,2021-11,2021,11,4
954,2024-07-30,2024-07,2024,7,3
955,2022-03-15,2022-03,2022,3,1
956,2024-03-15,2024-03,2024,3,1
957,2020-11-10,2020-11,2020,11,4
958,2024-03-15,2024-03,2024,3,1
959,2020-11-10,2020-11,2020,11,4
960,2022-07-23,2022-07,2022,7,3
961,2024-09-13,2024-09,2024,9,3
962,2024-09-13,2024-09,2024,9,3
963,2022-01-25,2022-01,2022,1,1
964,2021-04-19,2021-04,2021,4,2
965,2021-07-18,2021-07,2021,7,3
966,2022-06-24,2022-06,2022,6,2
967,2024-06-08,2024-06,2024,6,2
968,2022-06-24,2022-06,2022,6,2
969,2024-06-08,2024-06,2024,6,2
970,2022-06-24,2022-06,2022,6,2
971,2024-06-08,2024-06,2024,6,2
972,2022-09-29,2022-09,2022,9,3
973,2023-05-10,2023-05,2023,5,2
974,2020-05-02,2020-05,2020,5,2
975,2021-04-12,2021-04,2021,4,2
976,2023-11-04,2023-11,2023,11,4
977,2020-05-04,2020-05,2020,5,2
978,2023-09-10,2023-09,2023,9,3
979,2024-01-05,2024-01,2024,1,1
980,2024-05-08,2024-05,2024,5,2
981,2024-03-30,2024-03,2024,3,1
982,2020-09-10,2020-09,2020,9,3
983,2020-09-10,2020-09,2020,9,3
984,2020-07-12,2020-07,2020,7,3
985,2022-12-08,2022-12,2022,12,4
986,2024-03-27,2024-03,2024,3,1
987,2023-02-17,2023-02,2023,2,1
988,2021-07-21,2021-07,2021,7,3
989,2020-07-12,2020-07,2020,7,3
990,2022-12-08,2022-12,2022,12,4
991,2024-03-27,2024-03,2024,3,1
992,2023-02-17,2023-02,2023,2,1
993,2021-07-21,2021-07,2021,7,3
994,2022-10-30,2022-10,2022,10,4
995,2020-12-31,2020-12,2020,12,4
996,2022-04-15,2022-04,2022,4,2
997,2023-04-05,2023-04,2023,4,2
998,2020-12-31,2020-12,2020,12,4
999,2022-04-15,2022-04,2022,4,2
1000,2023-04-05,2023-04,2023,4,2
1001,2020-12-31,2020-12,2020,12,4
1002,2022-04-15,2022-04,2022,4,2
1003,2023-04-05,2023-04,2023,4,2
1004,2021-10-29,2021-10,2021,10,4
1005,2024-12-29,2024-12,2024,12,4
1006,2020-08-11,2020-08,2020,8,3
1007,2024-03-04,2024-03,2024,3,1
1008,2023-10-17,2023-10,2023,10,4
1009,2023-07-28,2023-07,2023,7,3
1010,2021-11-27,2021-11,2021,11,4
1011,2021-11-27,2021-11,2021,11,4
1012,2020-09-09,2020-09,2020,9,3
1013,2021-06-02,2021-06,2021,6,2
1014,2022-08-22,2022-08,2022,8,3
1015,2024-04-16,2024-04,2024,4,2
1016,2022-08-23,2022-08,2022,8,3
1017,2021-03-12,2021-03,2021,3,1
1018,2024-06-26,2024-06,2024,6,2
1019,2023-12-08,2023-12,2023,12,4
1020,2024-11-27,2024-11,2024,11,4
1021,2022-01-10,2022-01,2022,1,1
1022,2021-11-01,2021-11,2021,11,4
1023,2023-10-28,2023-10,2023,10,4
1024,2025-03-01,2025-03,2025,3,1
1025,2023-10-28,2023-10,2023,10,4
1026,2025-03-01,2025-03,2025,3,1
1027,2024-08-01,2024-08,2024,8,3
1028,2023-06-07,2023-06,2023,6,2
1029,2024-10-21,2024-10,2024,10,4
1030,2021-01-04,2021-01,2021,1,1
1031,2022-04-19,2022-04,2022,4,2
1032,2022-08-11,2022-08,2022,8,3
1033,2023-08-04,2023-08,2023,8,3
1034,2020-04-25,2020-04,2020,4,2
1035,2020-04-25,2020-04,2020,4,2
1036,2024-12-14,2024-12,2024,12,4
1037,2022-07-25,2022-07,2022,7,3
1038,2022-05-07,2022-05,2022,5,2
1039,2022-08-11,2022-08,2022,8,3
1040,2022-08-12,2022-08,2022,8,3
1041,2022-08-11,2022-08,2022,8,3
1042,2022-08-12,2022-08,2022,8,3
1043,2023-08-21,2023-08,2023,8,3
1044,2022-09-12,2022-09,2022,9,3
1045,2023-08-20,2023-08,2023,8,3
1046,2020-12-27,2020-12,2020,12,4
1047,2023-09-04,2023-09,2023,9,3
1048,2022-01-08,2022-01,2022,1,1
1049,2023-06-05,2023-06,2023,6,2
1050,2021-04-01,2021-04,2021,4,2
1051,2024-05-28,2024-05,2024,5,2
1052,2021-04-01,2021-04,2021,4,2
1053,2024-05-28,2024-05,2024,5,2
1054,2023-03-09,2023-03,2023,3,1
1055,2022-07-28,2022-07,2022,7,3
1056,2021-06-17,2021-06,2021,6,2
1057,2024-02-13,2024-02,2024,2,1
1058,2021-08-06,2021-08,2021,8,3
1059,2022-05-01,2022-05,2022,5,2
1060,2022-05-01,2022-05,2022,5,2
1061,2024-03-11,2024-03,2024,3,1
1062,2020-07-06,2020-07,2020,7,3
1063,2020-12-17,2020-12,2020,12,4
1064,2022-08-30,2022-08,2022,8,3
1065,2025-02-27,2025-02,2025,2,1
1066,2021-06-05,2021-06,2021,6,2
1067,2022-12-22,2022-12,2022,12,4
1068,2025-01-25,2025-01,2025,1,1
1069,2025-02-14,2025-02,2025,2,1
1070,2023-01-06,2023-01,2023,1,1
1071,2020-10-11,2020-10,2020,10,4
1072,2023-05-24,2023-05,2023,5,2
1073,2024-03-12,2024-03,2024,3,1
1074,2024-03-17,2024-03,2024,3,1
1075,2022-05-17,2022-05,2022,5,2
1076,2020-12-21,2020-12,2020,12,4
1077,2021-08-24,2021-08,2021,8,3
1078,2022-10-22,2022-10,2022,10,4
1079,2024-02-21,2024-02,2024,2,1
1080,2022-10-31,2022-10,2022,10,4
1081,2022-05-15,2022-05,2022,5,2
1082,2022-07-22,2022-07,2022,7,3
1083,2021-12-13,2021-12,2021,12,4
1084,2021-06-03,2021-06,2021,6,2
1085,2025-02-24,2025-02,2025,2,1
1086,2023-02-02,2023-02,2023,2,1
1087,2021-12-31,2021-12,2021,12,4
1088,2024-06-15,2024-06,2024,6,2
1089,2022-06-05,2022-06,2022,6,2
1090,2020-05-11,2020-05,2020,5,2
1091,2024-02-11,2024-02,2024,2,1
1092,2020-11-25,2020-11,2020,11,4
1093,2023-08-12,2023-08,2023,8,3
1094,2022-05-06,2022-05,2022,5,2
1095,2024-01-17,2024-01,2024,1,1
1096,2021-11-24,2021-11,2021,11,4
1097,2021-10-06,2021-10,2021,10,4
1098,2025-01-27,2025-01,2025,1,1
1099,2022-05-23,2022-05,2022,5,2
1100,2023-11-28,2023-11,2023,11,4
1101,2023-01-18,2023-01,2023,1,1
1102,2021-09-06,2021-09,2021,9,3
1103,2021-09-06,2021-09,2021,9,3
1104,2021-02-22,2021-02,2021,2,1
1105,2021-10-06,2021-10,2021,10,4
1106,2020-06-07,2020-06,2020,6,2
1107,2024-05-21,2024-05,2024,5,2
1108,2020-08-05,2020-08,2020,8,3
1109,2020-10-15,2020-10,2020,10,4
1110,2021-05-15,2021-05,2021,5,2
1111,2022-01-13,2022-01,2022,1,1
1112,2023-07-18,2023-07,2023,7,3
1113,2022-12-08,2022-12,2022,12,4
1114,2023-04-17,2023-04,2023,4,2
1115,2020-06-23,2020-06,2020,6,2
1116,2022-01-20,2022-01,2022,1,1
1117,2023-11-18,2023-11,2023,11,4
1118,2022-01-19,2022-01,2022,1,1
1119,2020-09-21,2020-09,2020,9,3
1120,2020-09-21,2020-09,2020,9,3
1121,2021-06-11,2021-06,2021,6,2
1122,2024-08-07,2024-08,2024,8,3
1123,2022-07-26,2022-07,2022,7,3
1124,2024-01-13,2024-01,2024,1,1
1125,2024-01-13,2024-01,2024,1,1
1126,2021-05-28,2021-05,2021,5,2
1127,2021-06-13,2021-06,2021,6,2
1128,2023-04-25,2023-04,2023,4,2
1129,2021-07-05,2021-07,2021,7,3
1130,2024-10-12,2024-10,2024,10,4
1131,2021-10-04,2021-10,2021,10,4
1132,2024-02-07,2024-02,2024,2,1
1133,2021-03-05,2021-03,2021,3,1
1134,2023-06-25,2023-06,2023,6,2
1135,2021-08-02,2021-08,2021,8,3
1136,2022-03-17,2022-03,2022,3,1
1137,2024-02-07,2024-02,2024,2,1
1138,2022-08-19,2022-08,2022,8,3
1139,2024-09-19,2024-09,2024,9,3
1140,2020-04-05,2020-04,2020,4,2
1141,2023-03-10,2023-03,2023,3,1
1142,2020-08-10,2020-08,2020,8,3
1143,2020-04-29,2020-04,2020,4,2
1144,2023-03-16,2023-03,2023,3,1
1145,2020-05-04,2020-05,2020,5,2
1146,2020-05-04,2020-05,2020,5,2
1147,2024-10-15,2024-10,2024,10,4
1148,2022-06-09,2022-06,2022,6,2
1149,2020-07-04,2020-07,2020,7,3
1150,2023-04-09,2023-04,2023,4,2
1151,2023-11-24,2023-11,2023,11,4
1152,2023-11-29,2023-11,2023,11,4
1153,2024-05-20,2024-05,2024,5,2
1154,2024-05-21,2024-05,2024,5,2
1155,2021-12-07,2021-12,2021,12,4
1156,2025-01-06,2025-01,2025,1,1
1157,2022-07-13,2022-07,2022,7,3
1158,2020-04-19,2020-04,2020,4,2
1159,2024-11-14,2024-11,2024,11,4
1160,2020-04-18,2020-04,2020,4,2
1161,2023-10-18,2023-10,2023,10,4
1162,2021-03-21,2021-03,2021,3,1
1163,2024-09-13,2024-09,2024,9,3
1164,2023-05-04,2023-05,2023,5,2
1165,2023-05-31,2023-05,2023,5,2
1166,2024-06-15,2024-06,2024,6,2
1167,2021-04-03,2021-04,2021,4,2
1168,2025-01-14,2025-01,2025,1,1
1169,2020-12-24,2020-12,2020,12,4
1170,2022-10-07,2022-10,2022,10,4
1171,2021-10-05,2021-10,2021,10,4
1172,2024-12-28,2024-12,2024,12,4
1173,2022-05-14,2022-05,2022,5,2
1174,2023-08-19,2023-08,2023,8,3
1175,2023-07-14,2023-07,2023,7,3
1176,2023-06-22,2023-06,2023,6,2
1177,2023-03-21,2023-03,2023,3,1
1178,2020-12-13,2020-12,2020,12,4
1179,2024-05-29,2024-05,2024,5,2
1180,2021-05-25,2021-05,2021,5,2
1181,2024-04-02,2024-04,2024,4,2
1182,2022-12-03,2022-12,2022,12,4
1183,2021-07-12,2021-07,2021,7,3
1184,2020-03-22,2020-03,2020,3,1
1185,2020-08-09,2020-08,2020,8,3
1186,2022-02-18,2022-02,2022,2,1
1187,2021-06-14,2021-06,2021,6,2
1188,2021-03-01,2021-03,2021,3,1
1189,2023-09-23,2023-09,2023,9,3
1190,2024-07-31,2024-07,2024,7,3
1191,2020-06-02,2020-06,2020,6,2
1192,2022-12-15,2022-12,2022,12,4
1193,2020-08-07,2020-08,2020,8,3
1194,2024-10-26,2024-10,2024,10,4
