Location_ID,City,State
1,Miami,Florida
2,Chicago,Illinois
3,Buffalo,New York
4,Miami,Florida
5,Chicago,Illinois
6,Buffalo,New York
7,Orlando,Florida
8,Miami,Florida
9,Los Angeles,California
10,Los Angeles,California
11,New York City,New York
12,New York City,New York
13,Orlando,Florida
14,Orlando,Florida
15,Orlando,Florida
16,Springfield,Illinois
17,Springfield,Illinois
18,Rochester,New York
19,Rochester,New York
20,Dallas,Texas
21,San Diego,California
22,San Diego,California
23,San Diego,California
24,Rochester,New York
25,Rochester,New York
26,Rochester,New York
27,Austin,Texas
28,New York City,New York
29,San Francisco,California
30,San Francisco,California
31,Columbus,Ohio
32,Orlando,Florida
33,Orlando,Florida
34,San Diego,California
35,Cincinnati,Ohio
36,San Diego,California
37,Cincinnati,Ohio
38,Orlando,Florida
39,Orlando,Florida
40,San Francisco,California
41,San Francisco,California
42,San Francisco,California
43,Cleveland,Ohio
44,Rochester,New York
45,Los Angeles,California
46,Cleveland,Ohio
47,Rochester,New York
48,Los Angeles,California
49,San Diego,California
50,Cincinnati,Ohio
51,Austin,Texas
52,Dallas,Texas
53,San Diego,California
54,Cincinnati,Ohio
55,Austin,Texas
56,Dallas,Texas
57,Cincinnati,Ohio
58,Miami,Florida
59,Orlando,Florida
60,Houston,Texas
61,Orlando,Florida
62,Houston,Texas
63,Orlando,Florida
64,Houston,Texas
65,Buffalo,New York
66,Buffalo,New York
67,Buffalo,New York
68,Cleveland,Ohio
69,Los Angeles,California
70,Cleveland,Ohio
71,Los Angeles,California
72,Cleveland,Ohio
73,Los Angeles,California
74,Cleveland,Ohio
75,Los Angeles,California
76,Miami,Florida
77,Miami,Florida
78,Tampa,Florida
79,Buffalo,New York
80,San Diego,California
81,San Diego,California
82,San Diego,California
83,San Diego,California
84,Buffalo,New York
85,Cleveland,Ohio
86,Buffalo,New York
87,Cleveland,Ohio
88,New York City,New York
89,New York City,New York
90,Springfield,Illinois
91,Tampa,Florida
92,Cincinnati,Ohio
93,Cleveland,Ohio
94,Peoria,Illinois
95,Orlando,Florida
96,Orlando,Florida
97,Miami,Florida
98,Columbus,Ohio
99,Houston,Texas
100,Houston,Texas
101,Houston,Texas
102,Los Angeles,California
103,Rochester,New York
104,Austin,Texas
105,Dallas,Texas
106,Austin,Texas
107,San Diego,California
108,Austin,Texas
109,San Diego,California
110,Austin,Texas
111,San Diego,California
112,Miami,Florida
113,Dallas,Texas
114,San Francisco,California
115,Dallas,Texas
116,San Francisco,California
117,San Francisco,California
118,New York City,New York
119,San Francisco,California
120,Cleveland,Ohio
121,Rochester,New York
122,Austin,Texas
123,Rochester,New York
124,Rochester,New York
125,Austin,Texas
126,Rochester,New York
127,San Francisco,California
128,Cleveland,Ohio
129,San Francisco,California
130,Cleveland,Ohio
131,Tampa,Florida
132,Tampa,Florida
133,Tampa,Florida
134,Tampa,Florida
135,Orlando,Florida
136,Orlando,Florida
137,Dallas,Texas
138,Dallas,Texas
139,Dallas,Texas
140,San Francisco,California
141,Springfield,Illinois
142,San Diego,California
143,San Francisco,California
144,Springfield,Illinois
145,San Diego,California
146,Los Angeles,California
147,Los Angeles,California
148,Los Angeles,California
149,Los Angeles,California
150,Springfield,Illinois
151,Springfield,Illinois
152,Springfield,Illinois
153,Columbus,Ohio
154,Chicago,Illinois
155,Austin,Texas
156,Chicago,Illinois
157,Austin,Texas
158,Chicago,Illinois
159,Austin,Texas
160,Chicago,Illinois
161,Austin,Texas
162,Austin,Texas
163,Dallas,Texas
164,Orlando,Florida
165,Los Angeles,California
166,Dallas,Texas
167,Orlando,Florida
168,Los Angeles,California
169,Dallas,Texas
170,Orlando,Florida
171,Los Angeles,California
172,Austin,Texas
173,Cincinnati,Ohio
174,Rochester,New York
175,Miami,Florida
176,Tampa,Florida
177,Miami,Florida
178,Tampa,Florida
179,Buffalo,New York
180,Dallas,Texas
181,Dallas,Texas
182,Orlando,Florida
183,Orlando,Florida
184,Tampa,Florida
185,Tampa,Florida
186,Miami,Florida
187,Miami,Florida
188,Chicago,Illinois
189,Chicago,Illinois
190,Buffalo,New York
191,Orlando,Florida
192,Springfield,Illinois
193,Buffalo,New York
194,Orlando,Florida
195,Springfield,Illinois
196,Los Angeles,California
197,Los Angeles,California
198,Cleveland,Ohio
199,Peoria,Illinois
200,Peoria,Illinois
201,Houston,Texas
202,Chicago,Illinois
203,San Francisco,California
204,Houston,Texas
205,Chicago,Illinois
206,San Francisco,California
207,Houston,Texas
208,Chicago,Illinois
209,San Francisco,California
210,Houston,Texas
211,Chicago,Illinois
212,San Francisco,California
213,Miami,Florida
214,Springfield,Illinois
215,Springfield,Illinois
216,Miami,Florida
217,Tampa,Florida
218,San Francisco,California
219,Chicago,Illinois
220,Peoria,Illinois
221,Buffalo,New York
222,San Francisco,California
223,Peoria,Illinois
224,Cleveland,Ohio
225,Cleveland,Ohio
226,Cleveland,Ohio
227,Peoria,Illinois
228,Springfield,Illinois
229,Springfield,Illinois
230,Miami,Florida
231,Dallas,Texas
232,Miami,Florida
233,Dallas,Texas
234,Houston,Texas
235,Houston,Texas
236,Houston,Texas
237,San Francisco,California
238,Buffalo,New York
239,Rochester,New York
240,Rochester,New York
241,Rochester,New York
242,Rochester,New York
243,Los Angeles,California
244,Los Angeles,California
245,New York City,New York
246,Orlando,Florida
247,Cleveland,Ohio
248,Buffalo,New York
249,Orlando,Florida
250,Cleveland,Ohio
251,Buffalo,New York
252,Orlando,Florida
253,Houston,Texas
254,Houston,Texas
255,Dallas,Texas
256,Buffalo,New York
257,Buffalo,New York
258,Dallas,Texas
259,Miami,Florida
260,Buffalo,New York
261,Cincinnati,Ohio
262,Buffalo,New York
263,Cincinnati,Ohio
264,New York City,New York
265,Columbus,Ohio
266,Columbus,Ohio
267,Buffalo,New York
268,Tampa,Florida
269,Buffalo,New York
270,Tampa,Florida
271,Buffalo,New York
272,Tampa,Florida
273,Peoria,Illinois
274,New York City,New York
275,New York City,New York
276,San Francisco,California
277,Dallas,Texas
278,Dallas,Texas
279,Cleveland,Ohio
280,Columbus,Ohio
281,Columbus,Ohio
282,Orlando,Florida
283,Orlando,Florida
284,San Francisco,California
285,San Francisco,California
286,Cincinnati,Ohio
287,Cincinnati,Ohio
288,Cincinnati,Ohio
289,Cleveland,Ohio
290,Rochester,New York
291,Cleveland,Ohio
292,Rochester,New York
293,Columbus,Ohio
294,Houston,Texas
295,Columbus,Ohio
296,Houston,Texas
297,New York City,New York
298,Cleveland,Ohio
299,New York City,New York
300,Cleveland,Ohio
301,Chicago,Illinois
302,Chicago,Illinois
303,Rochester,New York
304,Springfield,Illinois
305,Rochester,New York
306,Springfield,Illinois
307,Rochester,New York
308,San Diego,California
309,Peoria,Illinois
310,Orlando,Florida
311,Austin,Texas
312,Austin,Texas
313,Austin,Texas
314,Chicago,Illinois
315,Buffalo,New York
316,Chicago,Illinois
317,Buffalo,New York
318,New York City,New York
319,Cincinnati,Ohio
320,Cincinnati,Ohio
321,Cincinnati,Ohio
322,Austin,Texas
323,Austin,Texas
324,Los Angeles,California
325,Chicago,Illinois
326,Dallas,Texas
327,Dallas,Texas
328,Miami,Florida
329,Miami,Florida
330,Miami,Florida
331,Miami,Florida
332,Houston,Texas
333,Dallas,Texas
334,Cleveland,Ohio
335,Orlando,Florida
336,Chicago,Illinois
337,Buffalo,New York
338,Buffalo,New York
339,Buffalo,New York
340,San Diego,California
341,San Diego,California
342,San Diego,California
343,Columbus,Ohio
344,Rochester,New York
345,Cleveland,Ohio
346,Austin,Texas
347,Austin,Texas
348,Columbus,Ohio
349,San Diego,California
350,San Diego,California
351,San Diego,California
352,Buffalo,New York
353,Rochester,New York
354,Rochester,New York
355,Austin,Texas
356,Cincinnati,Ohio
357,Dallas,Texas
358,Austin,Texas
359,Cincinnati,Ohio
360,Dallas,Texas
361,Austin,Texas
362,Cincinnati,Ohio
363,Dallas,Texas
364,Austin,Texas
365,Cincinnati,Ohio
366,Dallas,Texas
367,Chicago,Illinois
368,Orlando,Florida
369,Orlando,Florida
370,Orlando,Florida
371,Orlando,Florida
372,Orlando,Florida
373,Orlando,Florida
374,Orlando,Florida
375,Cincinnati,Ohio
376,Cincinnati,Ohio
377,Dallas,Texas
378,Tampa,Florida
379,Springfield,Illinois
380,Springfield,Illinois
381,Peoria,Illinois
382,Dallas,Texas
383,Austin,Texas
384,Dallas,Texas
385,Cincinnati,Ohio
386,Springfield,Illinois
387,Rochester,New York
388,Rochester,New York
389,Dallas,Texas
390,Chicago,Illinois
391,Chicago,Illinois
392,Chicago,Illinois
393,Chicago,Illinois
394,Buffalo,New York
395,San Francisco,California
396,Springfield,Illinois
397,Orlando,Florida
398,Cleveland,Ohio
399,Los Angeles,California
400,Houston,Texas
401,Springfield,Illinois
402,Springfield,Illinois
403,Tampa,Florida
404,Cleveland,Ohio
405,Cleveland,Ohio
406,Cleveland,Ohio
407,Chicago,Illinois
408,Buffalo,New York
409,Columbus,Ohio
410,Miami,Florida
411,Dallas,Texas
412,Orlando,Florida
413,Cincinnati,Ohio
414,Cincinnati,Ohio
415,Cincinnati,Ohio
416,San Francisco,California
417,Rochester,New York
418,New York City,New York
419,San Francisco,California
420,Orlando,Florida
421,Austin,Texas
422,Los Angeles,California
423,Austin,Texas
424,Los Angeles,California
425,Peoria,Illinois
426,Cleveland,Ohio
427,Springfield,Illinois
428,San Diego,California
429,San Diego,California
430,Buffalo,New York
431,Buffalo,New York
432,Peoria,Illinois
433,Peoria,Illinois
434,Buffalo,New York
435,Buffalo,New York
436,Buffalo,New York
437,Cincinnati,Ohio
438,Peoria,Illinois
439,Buffalo,New York
440,Peoria,Illinois
441,Buffalo,New York
442,Peoria,Illinois
443,Buffalo,New York
444,San Francisco,California
445,San Francisco,California
446,San Francisco,California
447,San Francisco,California
448,San Francisco,California
449,San Francisco,California
450,San Francisco,California
451,San Francisco,California
452,San Francisco,California
453,Rochester,New York
454,Miami,Florida
455,Columbus,Ohio
456,San Francisco,California
457,Columbus,Ohio
458,San Francisco,California
459,Columbus,Ohio
460,San Francisco,California
461,Cincinnati,Ohio
462,Miami,Florida
463,Miami,Florida
464,Miami,Florida
465,Chicago,Illinois
466,Houston,Texas
467,Miami,Florida
468,Chicago,Illinois
469,Houston,Texas
470,Miami,Florida
471,Dallas,Texas
472,Houston,Texas
473,Orlando,Florida
474,Orlando,Florida
475,San Diego,California
476,Cleveland,Ohio
477,Tampa,Florida
478,Dallas,Texas
479,Tampa,Florida
480,Dallas,Texas
481,Rochester,New York
482,Rochester,New York
483,Austin,Texas
484,Springfield,Illinois
485,San Diego,California
486,San Diego,California
487,San Diego,California
488,Houston,Texas
489,Buffalo,New York
490,Buffalo,New York
491,San Diego,California
492,San Francisco,California
493,San Diego,California
494,San Francisco,California
495,San Diego,California
496,Orlando,Florida
497,San Francisco,California
498,San Diego,California
499,Orlando,Florida
500,San Francisco,California
501,Springfield,Illinois
502,Springfield,Illinois
503,Springfield,Illinois
504,Tampa,Florida
505,Peoria,Illinois
506,Miami,Florida
507,Houston,Texas
508,Tampa,Florida
509,Peoria,Illinois
510,Miami,Florida
511,Houston,Texas
512,Buffalo,New York
513,Orlando,Florida
514,Tampa,Florida
515,Austin,Texas
516,Austin,Texas
517,Austin,Texas
518,Austin,Texas
519,Peoria,Illinois
520,Miami,Florida
521,Miami,Florida
522,Houston,Texas
523,Peoria,Illinois
524,Rochester,New York
525,San Diego,California
526,Peoria,Illinois
527,Rochester,New York
528,San Diego,California
529,Columbus,Ohio
530,Columbus,Ohio
531,Columbus,Ohio
532,Miami,Florida
533,Buffalo,New York
534,Houston,Texas
535,Buffalo,New York
536,Houston,Texas
537,Los Angeles,California
538,Los Angeles,California
539,Los Angeles,California
540,Cincinnati,Ohio
541,Rochester,New York
542,Peoria,Illinois
543,Rochester,New York
544,Tampa,Florida
545,Houston,Texas
546,Los Angeles,California
547,Chicago,Illinois
548,Los Angeles,California
549,Chicago,Illinois
550,New York City,New York
551,New York City,New York
552,Springfield,Illinois
553,Los Angeles,California
554,Chicago,Illinois
555,Rochester,New York
556,Houston,Texas
557,San Francisco,California
558,Buffalo,New York
559,Cleveland,Ohio
560,San Francisco,California
561,Buffalo,New York
562,Cleveland,Ohio
563,Los Angeles,California
564,Miami,Florida
565,Los Angeles,California
566,Springfield,Illinois
567,San Francisco,California
568,Springfield,Illinois
569,San Francisco,California
570,Springfield,Illinois
571,San Francisco,California
572,Austin,Texas
573,Chicago,Illinois
574,Austin,Texas
575,Chicago,Illinois
576,Orlando,Florida
577,Houston,Texas
578,San Francisco,California
579,San Francisco,California
580,San Francisco,California
581,San Francisco,California
582,San Francisco,California
583,San Diego,California
584,San Francisco,California
585,San Diego,California
586,Columbus,Ohio
587,Cincinnati,Ohio
588,Cincinnati,Ohio
589,Cincinnati,Ohio
590,Dallas,Texas
591,Tampa,Florida
592,Springfield,Illinois
593,Tampa,Florida
594,Austin,Texas
595,Springfield,Illinois
596,New York City,New York
597,Chicago,Illinois
598,Buffalo,New York
599,San Diego,California
600,Dallas,Texas
601,Springfield,Illinois
602,Chicago,Illinois
603,Springfield,Illinois
604,Chicago,Illinois
605,Miami,Florida
606,Miami,Florida
607,Dallas,Texas
608,Dallas,Texas
609,San Diego,California
610,Springfield,Illinois
611,Buffalo,New York
612,New York City,New York
613,New York City,New York
614,Cincinnati,Ohio
615,Miami,Florida
616,Tampa,Florida
617,Los Angeles,California
618,Cleveland,Ohio
619,San Diego,California
620,Cleveland,Ohio
621,San Diego,California
622,Tampa,Florida
623,Dallas,Texas
624,Springfield,Illinois
625,Orlando,Florida
626,Los Angeles,California
627,Tampa,Florida
628,Los Angeles,California
629,Columbus,Ohio
630,Springfield,Illinois
631,Dallas,Texas
632,Cincinnati,Ohio
633,Dallas,Texas
634,Cincinnati,Ohio
635,Miami,Florida
636,Houston,Texas
637,Houston,Texas
638,Los Angeles,California
639,Los Angeles,California
640,San Diego,California
641,San Diego,California
642,New York City,New York
643,Orlando,Florida
644,Orlando,Florida
645,Buffalo,New York
646,Buffalo,New York
647,Rochester,New York
648,Buffalo,New York
649,Rochester,New York
650,Peoria,Illinois
651,Austin,Texas
652,Los Angeles,California
653,Miami,Florida
654,Cleveland,Ohio
655,San Diego,California
656,San Diego,California
657,Austin,Texas
658,Tampa,Florida
659,Tampa,Florida
660,Springfield,Illinois
661,Tampa,Florida
662,Chicago,Illinois
663,Austin,Texas
664,New York City,New York
665,New York City,New York
666,Columbus,Ohio
667,Peoria,Illinois
668,Columbus,Ohio
669,Peoria,Illinois
670,Dallas,Texas
671,Houston,Texas
672,New York City,New York
673,Dallas,Texas
674,Houston,Texas
675,New York City,New York
676,Tampa,Florida
677,Tampa,Florida
678,Orlando,Florida
679,Orlando,Florida
680,Orlando,Florida
681,New York City,New York
682,New York City,New York
683,Dallas,Texas
684,Dallas,Texas
685,Orlando,Florida
686,Austin,Texas
687,Cleveland,Ohio
688,Tampa,Florida
689,Cleveland,Ohio
690,Tampa,Florida
691,Cleveland,Ohio
692,Tampa,Florida
693,Cleveland,Ohio
694,Tampa,Florida
695,Rochester,New York
696,Buffalo,New York
697,Austin,Texas
698,San Diego,California
699,Los Angeles,California
700,New York City,New York
701,Buffalo,New York
702,San Francisco,California
703,Buffalo,New York
704,San Francisco,California
705,Buffalo,New York
706,Buffalo,New York
707,Buffalo,New York
708,Peoria,Illinois
709,Columbus,Ohio
710,Dallas,Texas
711,Tampa,Florida
712,Rochester,New York
713,Rochester,New York
714,Rochester,New York
715,Peoria,Illinois
716,Rochester,New York
717,Peoria,Illinois
718,Los Angeles,California
719,Orlando,Florida
720,Austin,Texas
721,New York City,New York
722,New York City,New York
723,Columbus,Ohio
724,San Francisco,California
725,Tampa,Florida
726,Cincinnati,Ohio
727,Dallas,Texas
728,Cincinnati,Ohio
729,Rochester,New York
730,Cincinnati,Ohio
731,Dallas,Texas
732,Cincinnati,Ohio
733,Rochester,New York
734,Chicago,Illinois
735,Chicago,Illinois
736,Chicago,Illinois
737,Austin,Texas
738,Tampa,Florida
739,Orlando,Florida
740,Miami,Florida
741,Miami,Florida
742,Miami,Florida
743,Miami,Florida
744,Cleveland,Ohio
745,Miami,Florida
746,Buffalo,New York
747,New York City,New York
748,Orlando,Florida
749,Rochester,New York
750,Cleveland,Ohio
751,Miami,Florida
752,Buffalo,New York
753,New York City,New York
754,Orlando,Florida
755,Rochester,New York
756,Chicago,Illinois
757,Rochester,New York
758,Chicago,Illinois
759,Rochester,New York
760,San Francisco,California
761,Cleveland,Ohio
762,Houston,Texas
763,Rochester,New York
764,New York City,New York
765,New York City,New York
766,Cincinnati,Ohio
767,Buffalo,New York
768,Cincinnati,Ohio
769,Los Angeles,California
770,New York City,New York
771,Columbus,Ohio
772,San Diego,California
773,Chicago,Illinois
774,Chicago,Illinois
775,Springfield,Illinois
776,Los Angeles,California
777,Austin,Texas
778,Chicago,Illinois
779,Chicago,Illinois
780,Dallas,Texas
781,Rochester,New York
782,Cleveland,Ohio
783,San Diego,California
784,New York City,New York
785,Miami,Florida
786,Columbus,Ohio
787,Dallas,Texas
788,Springfield,Illinois
789,Peoria,Illinois
790,Austin,Texas
791,San Francisco,California
792,Buffalo,New York
793,Rochester,New York
794,Buffalo,New York
795,Rochester,New York
796,San Francisco,California
797,Cleveland,Ohio
798,Austin,Texas
799,Peoria,Illinois
800,Cleveland,Ohio
801,Peoria,Illinois
802,Peoria,Illinois
803,Orlando,Florida
804,Miami,Florida
805,Rochester,New York
806,Rochester,New York
807,Rochester,New York
808,New York City,New York
809,San Diego,California
810,Austin,Texas
811,San Francisco,California
812,Cincinnati,Ohio
813,Houston,Texas
814,Los Angeles,California
815,Springfield,Illinois
816,Los Angeles,California
817,Rochester,New York
818,San Diego,California
819,Tampa,Florida
820,Rochester,New York
821,San Diego,California
822,Tampa,Florida
823,San Francisco,California
824,San Francisco,California
825,San Francisco,California
826,San Diego,California
827,Miami,Florida
828,Peoria,Illinois
829,Los Angeles,California
830,Springfield,Illinois
831,Houston,Texas
832,Tampa,Florida
833,San Francisco,California
834,Chicago,Illinois
835,Rochester,New York
836,Tampa,Florida
837,New York City,New York
838,Buffalo,New York
839,Cleveland,Ohio
840,Chicago,Illinois
841,Tampa,Florida
842,Tampa,Florida
843,Orlando,Florida
844,Orlando,Florida
845,Orlando,Florida
846,Orlando,Florida
847,San Francisco,California
848,New York City,New York
849,Los Angeles,California
850,Cleveland,Ohio
851,Columbus,Ohio
852,Cleveland,Ohio
853,Columbus,Ohio
854,Dallas,Texas
855,San Diego,California
856,Buffalo,New York
857,Buffalo,New York
858,Orlando,Florida
859,Buffalo,New York
860,Cleveland,Ohio
861,Buffalo,New York
862,Cleveland,Ohio
863,Miami,Florida
864,Austin,Texas
865,Austin,Texas
866,Buffalo,New York
867,Columbus,Ohio
868,Austin,Texas
869,Austin,Texas
870,Cleveland,Ohio
871,Los Angeles,California
872,Rochester,New York
873,Cleveland,Ohio
874,Los Angeles,California
875,Rochester,New York
876,Dallas,Texas
877,Miami,Florida
878,Dallas,Texas
879,Orlando,Florida
880,Chicago,Illinois
881,Orlando,Florida
882,Chicago,Illinois
883,Rochester,New York
884,San Diego,California
885,San Francisco,California
886,Houston,Texas
887,Los Angeles,California
888,Peoria,Illinois
889,New York City,New York
890,Springfield,Illinois
891,Rochester,New York
892,New York City,New York
893,Orlando,Florida
894,New York City,New York
895,Orlando,Florida
896,New York City,New York
897,Orlando,Florida
898,New York City,New York
899,Cincinnati,Ohio
900,Columbus,Ohio
901,Columbus,Ohio
902,Columbus,Ohio
903,Orlando,Florida
904,San Francisco,California
905,Columbus,Ohio
906,Orlando,Florida
907,San Francisco,California
908,Springfield,Illinois
909,Springfield,Illinois
910,Cleveland,Ohio
911,Columbus,Ohio
912,Columbus,Ohio
913,San Diego,California
914,Tampa,Florida
915,Rochester,New York
916,Tampa,Florida
917,Dallas,Texas
918,Dallas,Texas
919,San Diego,California
920,Cincinnati,Ohio
921,Los Angeles,California
922,Houston,Texas
923,Houston,Texas
924,Springfield,Illinois
925,Austin,Texas
926,Austin,Texas
927,Columbus,Ohio
928,New York City,New York
929,Rochester,New York
930,Rochester,New York
931,Springfield,Illinois
932,Dallas,Texas
933,Buffalo,New York
934,Chicago,Illinois
935,Miami,Florida
936,Peoria,Illinois
937,Buffalo,New York
938,Columbus,Ohio
939,Peoria,Illinois
940,Buffalo,New York
941,Columbus,Ohio
942,Miami,Florida
943,Miami,Florida
944,Miami,Florida
945,Springfield,Illinois
946,Springfield,Illinois
947,San Diego,California
948,Springfield,Illinois
949,Springfield,Illinois
950,San Diego,California
951,Austin,Texas
952,Los Angeles,California
953,Cincinnati,Ohio
954,Houston,Texas
955,San Francisco,California
956,New York City,New York
957,Springfield,Illinois
958,New York City,New York
959,Springfield,Illinois
960,Springfield,Illinois
961,Buffalo,New York
962,Buffalo,New York
963,Austin,Texas
964,New York City,New York
965,Houston,Texas
966,Buffalo,New York
967,Rochester,New York
968,Buffalo,New York
969,Rochester,New York
970,Buffalo,New York
971,Rochester,New York
972,New York City,New York
973,San Diego,California
974,Houston,Texas
975,Chicago,Illinois
976,Springfield,Illinois
977,Tampa,Florida
978,Buffalo,New York
979,Miami,Florida
980,Austin,Texas
981,Cincinnati,Ohio
982,San Francisco,California
983,San Francisco,California
984,Springfield,Illinois
985,Buffalo,New York
986,Columbus,Ohio
987,Chicago,Illinois
988,Los Angeles,California
989,Springfield,Illinois
990,Buffalo,New York
991,Columbus,Ohio
992,Chicago,Illinois
993,Los Angeles,California
994,Tampa,Florida
995,Cincinnati,Ohio
996,Cleveland,Ohio
997,Chicago,Illinois
998,Cincinnati,Ohio
999,Cleveland,Ohio
1000,Chicago,Illinois
1001,Cincinnati,Ohio
1002,Cleveland,Ohio
1003,Chicago,Illinois
1004,San Diego,California
1005,Miami,Florida
1006,Cleveland,Ohio
1007,Tampa,Florida
1008,San Diego,California
1009,New York City,New York
1010,Miami,Florida
1011,Miami,Florida
1012,Columbus,Ohio
1013,Cleveland,Ohio
1014,Orlando,Florida
1015,Springfield,Illinois
1016,Cincinnati,Ohio
1017,Cleveland,Ohio
1018,Peoria,Illinois
1019,Tampa,Florida
1020,Tampa,Florida
1021,Tampa,Florida
1022,San Francisco,California
1023,Cincinnati,Ohio
1024,San Diego,California
1025,Cincinnati,Ohio
1026,San Diego,California
1027,Peoria,Illinois
1028,Buffalo,New York
1029,Orlando,Florida
1030,Buffalo,New York
1031,Cleveland,Ohio
1032,Austin,Texas
1033,Peoria,Illinois
1034,Dallas,Texas
1035,Dallas,Texas
1036,Tampa,Florida
1037,Orlando,Florida
1038,Miami,Florida
1039,San Francisco,California
1040,Columbus,Ohio
1041,San Francisco,California
1042,Columbus,Ohio
1043,Houston,Texas
1044,San Diego,California
1045,Los Angeles,California
1046,Cincinnati,Ohio
1047,Peoria,Illinois
1048,Chicago,Illinois
1049,New York City,New York
1050,Dallas,Texas
1051,Springfield,Illinois
1052,Dallas,Texas
1053,Springfield,Illinois
1054,Miami,Florida
1055,Peoria,Illinois
1056,Los Angeles,California
1057,Miami,Florida
1058,Rochester,New York
1059,Houston,Texas
1060,Houston,Texas
1061,Peoria,Illinois
1062,Cincinnati,Ohio
1063,Cleveland,Ohio
1064,Springfield,Illinois
1065,Cleveland,Ohio
1066,Orlando,Florida
1067,Houston,Texas
1068,Columbus,Ohio
1069,San Diego,California
1070,Springfield,Illinois
1071,Cincinnati,Ohio
1072,San Francisco,California
1073,Los Angeles,California
1074,New York City,New York
1075,Columbus,Ohio
1076,Miami,Florida
1077,New York City,New York
1078,Dallas,Texas
1079,Rochester,New York
1080,Peoria,Illinois
1081,New York City,New York
1082,Rochester,New York
1083,San Francisco,California
1084,Dallas,Texas
1085,Cleveland,Ohio
1086,Tampa,Florida
1087,New York City,New York
1088,New York City,New York
1089,Buffalo,New York
1090,Dallas,Texas
1091,Springfield,Illinois
1092,Columbus,Ohio
1093,Cincinnati,Ohio
1094,Cincinnati,Ohio
1095,Los Angeles,California
1096,Orlando,Florida
1097,Miami,Florida
1098,San Francisco,California
1099,Buffalo,New York
1100,Austin,Texas
1101,San Francisco,California
1102,Peoria,Illinois
1103,Peoria,Illinois
1104,Peoria,Illinois
1105,New York City,New York
1106,Rochester,New York
1107,Dallas,Texas
1108,Buffalo,New York
1109,Peoria,Illinois
1110,Cleveland,Ohio
1111,Austin,Texas
1112,Columbus,Ohio
1113,Springfield,Illinois
1114,Miami,Florida
1115,Peoria,Illinois
1116,Springfield,Illinois
1117,Los Angeles,California
1118,San Diego,California
1119,San Francisco,California
1120,San Francisco,California
1121,San Diego,California
1122,Dallas,Texas
1123,Columbus,Ohio
1124,Los Angeles,California
1125,Los Angeles,California
1126,Cleveland,Ohio
1127,Dallas,Texas
1128,Austin,Texas
1129,San Francisco,California
1130,San Francisco,California
1131,Buffalo,New York
1132,Cincinnati,Ohio
1133,Houston,Texas
1134,Buffalo,New York
1135,Peoria,Illinois
1136,Austin,Texas
1137,Miami,Florida
1138,San Diego,California
1139,Houston,Texas
1140,Cincinnati,Ohio
1141,Dallas,Texas
1142,Columbus,Ohio
1143,New York City,New York
1144,Springfield,Illinois
1145,Buffalo,New York
1146,Buffalo,New York
1147,Tampa,Florida
1148,San Diego,California
1149,Cleveland,Ohio
1150,Chicago,Illinois
1151,Chicago,Illinois
1152,Dallas,Texas
1153,San Diego,California
1154,Cincinnati,Ohio
1155,Houston,Texas
1156,Cincinnati,Ohio
1157,Buffalo,New York
1158,Cincinnati,Ohio
1159,Springfield,Illinois
1160,Dallas,Texas
1161,Houston,Texas
1162,Cleveland,Ohio
1163,Cleveland,Ohio
1164,New York City,New York
1165,Chicago,Illinois
1166,New York City,New York
1167,Orlando,Florida
1168,San Diego,California
1169,Orlando,Florida
1170,San Diego,California
1171,Tampa,Florida
1172,Chicago,Illinois
1173,Austin,Texas
1174,New York City,New York
1175,Buffalo,New York
1176,Dallas,Texas
1177,New York City,New York
1178,Los Angeles,California
1179,Miami,Florida
1180,San Francisco,California
1181,Dallas,Texas
1182,Peoria,Illinois
1183,Cleveland,Ohio
1184,Peoria,Illinois
1185,Orlando,Florida
1186,Chicago,Illinois
1187,San Francisco,California
1188,San Diego,California
1189,Austin,Texas
1190,New York City,New York
1191,Rochester,New York
1192,Austin,Texas
1193,Buffalo,New York
1194,Chicago,Illinois
