Order_ID,Amount,Quantity,Profit,Order_Date,Payment_Mode,Customer_ID,Products_ID,Location_ID,Date_ID
OID-10001,9726,5,1275,2023-06-27,UPI,1,1,1,1
OID-10002,9726,5,1275,2024-12-27,UPI,2,2,2,2
OID-10003,9726,5,1275,2021-07-25,UPI,3,3,3,3
OID-10004,4975,14,1330,2023-06-27,UPI,4,4,4,4
OID-10005,4975,14,1330,2024-12-27,UPI,5,5,5,5
OID-10006,4975,14,1330,2021-07-25,UPI,6,6,6,6
OID-10007,1525,12,185,2024-05-11,Debit Card,7,7,7,7
OID-10008,1525,12,185,2021-10-09,Debit Card,8,8,8,8
OID-10009,883,10,117,2022-11-18,EMI,9,9,9,9
OID-10010,8127,16,3551,2022-11-18,Credit Card,10,10,10,10
OID-10011,2516,19,734,2023-11-12,UPI,11,11,11,11
OID-10012,2975,14,462,2020-03-23,Credit Card,12,12,12,12
OID-10013,6851,1,2812,2020-05-04,Debit Card,13,13,13,13
OID-10014,7626,15,1046,2020-05-04,Credit Card,14,14,14,14
OID-10015,1023,9,78,2020-05-04,UPI,15,15,15,15
OID-10016,7600,10,1098,2023-11-09,UPI,16,16,16,16
OID-10017,7501,18,262,2023-11-09,COD,17,17,17,17
OID-10018,725,6,133,2024-12-30,Credit Card,18,18,18,18
OID-10019,7201,2,2685,2024-12-30,Credit Card,19,19,19,19
OID-10020,1629,1,265,2025-02-11,UPI,20,20,20,20
OID-10021,1629,1,265,2024-01-23,UPI,21,21,21,21
OID-10022,8971,19,2971,2020-11-28,Debit Card,22,22,22,22
OID-10023,2939,20,894,2020-11-28,COD,23,23,23,23
OID-10024,9380,11,414,2024-05-30,UPI,24,24,24,24
OID-10025,8558,18,1644,2024-05-30,Credit Card,25,25,25,25
OID-10026,4080,17,72,2024-05-30,COD,26,26,26,26
OID-10027,4206,17,1821,2022-01-23,EMI,27,27,27,27
OID-10028,5219,20,1180,2021-12-17,COD,28,28,28,28
OID-10029,5219,20,1180,2023-02-03,COD,29,29,29,29
OID-10030,3686,20,760,2022-10-30,Debit Card,30,30,30,30
OID-10031,3686,20,760,2022-01-15,Debit Card,31,31,31,31
OID-10032,6045,4,1606,2023-12-14,COD,32,32,32,32
OID-10033,9337,11,554,2023-12-14,COD,33,33,33,33
OID-10034,4051,12,1848,2023-07-03,Credit Card,34,34,34,34
OID-10035,4051,12,1848,2021-05-08,Credit Card,35,35,35,35
OID-10036,5011,11,866,2023-07-03,Credit Card,36,36,36,36
OID-10037,5011,11,866,2021-05-08,Credit Card,37,37,37,37
OID-10038,3958,15,630,2022-10-07,EMI,38,38,38,38
OID-10039,3132,1,963,2022-10-07,Debit Card,39,39,39,39
OID-10040,7784,12,2937,2024-08-06,UPI,40,40,40,40
OID-10041,5591,3,1696,2024-08-06,COD,41,41,41,41
OID-10042,5122,12,2413,2024-08-06,COD,42,42,42,42
OID-10043,8293,8,2632,2022-01-05,COD,43,43,43,43
OID-10044,8293,8,2632,2020-10-17,COD,44,44,44,44
OID-10045,8293,8,2632,2023-08-21,COD,45,45,45,45
OID-10046,2863,17,205,2022-01-05,UPI,46,46,46,46
OID-10047,2863,17,205,2020-10-17,UPI,47,47,47,47
OID-10048,2863,17,205,2023-08-21,UPI,48,48,48,48
OID-10049,3090,6,573,2024-12-27,EMI,49,49,49,49
OID-10050,3090,6,573,2021-06-18,EMI,50,50,50,50
OID-10051,3090,6,573,2023-05-27,EMI,51,51,51,51
OID-10052,3090,6,573,2021-10-12,EMI,52,52,52,52
OID-10053,9683,5,1014,2024-12-27,UPI,53,53,53,53
OID-10054,9683,5,1014,2021-06-18,UPI,54,54,54,54
OID-10055,9683,5,1014,2023-05-27,UPI,55,55,55,55
OID-10056,9683,5,1014,2021-10-12,UPI,56,56,56,56
OID-10057,2463,18,648,2022-09-19,EMI,57,57,57,57
OID-10058,7811,12,1538,2022-03-25,COD,58,58,58,58
OID-10059,6139,10,451,2022-02-26,Debit Card,59,59,59,59
OID-10060,6139,10,451,2021-04-05,Debit Card,60,60,60,60
OID-10061,8636,3,3192,2022-02-26,COD,61,61,61,61
OID-10062,8636,3,3192,2021-04-05,COD,62,62,62,62
OID-10063,4439,19,1712,2022-02-26,Credit Card,63,63,63,63
OID-10064,4439,19,1712,2021-04-05,Credit Card,64,64,64,64
OID-10065,1016,20,172,2020-11-16,Debit Card,65,65,65,65
OID-10066,5768,14,2059,2020-11-16,UPI,66,66,66,66
OID-10067,1217,3,151,2020-11-16,Credit Card,67,67,67,67
OID-10068,953,2,93,2024-12-12,Debit Card,68,68,68,68
OID-10069,953,2,93,2023-04-06,Debit Card,69,69,69,69
OID-10070,7355,3,1034,2024-12-12,COD,70,70,70,70
OID-10071,7355,3,1034,2023-04-06,COD,71,71,71,71
OID-10072,1843,3,248,2024-12-12,Credit Card,72,72,72,72
OID-10073,1843,3,248,2023-04-06,Credit Card,73,73,73,73
OID-10074,1603,10,361,2024-12-12,Debit Card,74,74,74,74
OID-10075,1603,10,361,2023-04-06,Debit Card,75,75,75,75
OID-10076,2025,1,528,2024-01-28,Credit Card,76,76,76,76
OID-10077,6800,16,167,2024-01-28,EMI,77,77,77,77
OID-10078,1126,1,55,2022-01-16,UPI,78,78,78,78
OID-10079,1126,1,55,2022-12-16,UPI,79,79,79,79
OID-10080,7533,12,3508,2023-07-13,UPI,80,80,80,80
OID-10081,4734,16,1178,2023-07-13,Credit Card,81,81,81,81
OID-10082,4074,6,1175,2023-07-13,Debit Card,82,82,82,82
OID-10083,2334,3,484,2023-07-13,Credit Card,83,83,83,83
OID-10084,2750,11,1239,2025-03-10,Debit Card,84,84,84,84
OID-10085,2750,11,1239,2024-09-24,Debit Card,85,85,85,85
OID-10086,8639,19,3104,2025-03-10,EMI,86,86,86,86
OID-10087,8639,19,3104,2024-09-24,EMI,87,87,87,87
OID-10088,3808,4,1192,2020-04-13,UPI,88,88,88,88
OID-10089,2588,16,705,2020-04-13,Credit Card,89,89,89,89
OID-10090,1591,5,727,2022-06-27,Credit Card,90,90,90,90
OID-10091,1591,5,727,2021-03-14,Credit Card,91,91,91,91
OID-10092,1591,5,727,2022-02-23,Credit Card,92,92,92,92
OID-10093,1757,10,622,2022-03-29,UPI,93,93,93,93
OID-10094,1757,10,622,2022-11-20,UPI,94,94,94,94
OID-10095,6940,15,253,2021-11-12,Debit Card,95,95,95,95
OID-10096,5105,5,465,2021-11-12,UPI,96,96,96,96
OID-10097,5578,16,277,2021-08-17,COD,97,97,97,97
OID-10098,5578,16,277,2022-05-16,COD,98,98,98,98
OID-10099,5224,16,1958,2023-07-16,Credit Card,99,99,99,99
OID-10100,5002,11,1801,2023-07-16,Credit Card,100,100,100,100
OID-10101,7380,18,1673,2023-07-16,COD,101,101,101,101
OID-10102,7595,4,2873,2020-08-18,Debit Card,102,102,102,102
OID-10103,7595,4,2873,2022-04-19,Debit Card,103,103,103,103
OID-10104,1954,7,294,2022-12-23,Debit Card,104,104,104,104
OID-10105,523,20,95,2024-12-07,EMI,105,105,105,105
OID-10106,5704,13,714,2022-02-03,EMI,106,106,106,106
OID-10107,5704,13,714,2021-12-12,EMI,107,107,107,107
OID-10108,8797,8,1010,2022-02-03,UPI,108,108,108,108
OID-10109,8797,8,1010,2021-12-12,UPI,109,109,109,109
OID-10110,9236,5,2899,2022-02-03,Debit Card,110,110,110,110
OID-10111,9236,5,2899,2021-12-12,Debit Card,111,111,111,111
OID-10112,9109,17,586,2020-05-17,EMI,112,112,112,112
OID-10113,4358,19,526,2022-12-05,Credit Card,113,113,113,113
OID-10114,4358,19,526,2024-09-17,Credit Card,114,114,114,114
OID-10115,6459,8,825,2022-12-05,Credit Card,115,115,115,115
OID-10116,6459,8,825,2024-09-17,Credit Card,116,116,116,116
OID-10117,2478,12,92,2023-05-08,COD,117,117,117,117
OID-10118,2478,12,92,2021-03-03,COD,118,118,118,118
OID-10119,2478,12,92,2021-03-18,COD,119,119,119,119
OID-10120,2478,12,92,2023-04-24,COD,120,120,120,120
OID-10121,9992,20,3696,2021-10-09,Debit Card,121,121,121,121
OID-10122,9992,20,3696,2022-04-15,Debit Card,122,122,122,122
OID-10123,9992,20,3696,2022-08-29,Debit Card,123,123,123,123
OID-10124,9619,7,3420,2021-10-09,UPI,124,124,124,124
OID-10125,9619,7,3420,2022-04-15,UPI,125,125,125,125
OID-10126,9619,7,3420,2022-08-29,UPI,126,126,126,126
OID-10127,9538,20,3158,2024-09-04,Credit Card,127,127,127,127
OID-10128,9538,20,3158,2021-05-18,Credit Card,128,128,128,128
OID-10129,9035,14,1227,2024-09-04,EMI,129,129,129,129
OID-10130,9035,14,1227,2021-05-18,EMI,130,130,130,130
OID-10131,2684,2,670,2024-07-02,COD,131,131,131,131
OID-10132,822,5,147,2024-07-02,Credit Card,132,132,132,132
OID-10133,9730,2,2341,2024-07-02,EMI,133,133,133,133
OID-10134,2483,2,236,2024-07-02,COD,134,134,134,134
OID-10135,1297,7,600,2024-02-16,Credit Card,135,135,135,135
OID-10136,7909,19,1942,2024-02-16,COD,136,136,136,136
OID-10137,9768,8,4518,2021-11-26,Credit Card,137,137,137,137
OID-10138,4968,5,934,2021-11-26,Debit Card,138,138,138,138
OID-10139,1731,4,149,2021-11-26,EMI,139,139,139,139
OID-10140,3433,10,1169,2024-02-01,COD,140,140,140,140
OID-10141,3433,10,1169,2021-09-09,COD,141,141,141,141
OID-10142,3433,10,1169,2021-09-08,COD,142,142,142,142
OID-10143,3887,1,1490,2024-02-01,Debit Card,143,143,143,143
OID-10144,3887,1,1490,2021-09-09,Debit Card,144,144,144,144
OID-10145,3887,1,1490,2021-09-08,Debit Card,145,145,145,145
OID-10146,1801,20,641,2024-07-09,Credit Card,146,146,146,146
OID-10147,5301,10,817,2024-07-09,Debit Card,147,147,147,147
OID-10148,1166,12,520,2024-07-09,Debit Card,148,148,148,148
OID-10149,3196,15,1411,2024-07-09,Debit Card,149,149,149,149
OID-10150,3428,1,350,2023-02-28,Credit Card,150,150,150,150
OID-10151,7223,12,2433,2023-02-28,Credit Card,151,151,151,151
OID-10152,3731,1,647,2023-02-28,Credit Card,152,152,152,152
OID-10153,8903,18,4401,2022-08-08,Credit Card,153,153,153,153
OID-10154,6009,7,2107,2022-12-07,UPI,154,154,154,154
OID-10155,6009,7,2107,2024-04-29,UPI,155,155,155,155
OID-10156,2858,3,230,2022-12-07,Credit Card,156,156,156,156
OID-10157,2858,3,230,2024-04-29,Credit Card,157,157,157,157
OID-10158,8175,7,525,2022-12-07,Credit Card,158,158,158,158
OID-10159,8175,7,525,2024-04-29,Credit Card,159,159,159,159
OID-10160,5846,18,586,2022-12-07,UPI,160,160,160,160
OID-10161,5846,18,586,2024-04-29,UPI,161,161,161,161
OID-10162,706,11,197,2022-01-02,Credit Card,162,162,162,162
OID-10163,9835,16,2571,2022-06-10,COD,163,163,163,163
OID-10164,9835,16,2571,2021-11-16,COD,164,164,164,164
OID-10165,9835,16,2571,2022-08-17,COD,165,165,165,165
OID-10166,9691,13,3056,2022-06-10,Credit Card,166,166,166,166
OID-10167,9691,13,3056,2021-11-16,Credit Card,167,167,167,167
OID-10168,9691,13,3056,2022-08-17,Credit Card,168,168,168,168
OID-10169,7826,14,1221,2022-06-10,UPI,169,169,169,169
OID-10170,7826,14,1221,2021-11-16,UPI,170,170,170,170
OID-10171,7826,14,1221,2022-08-17,UPI,171,171,171,171
OID-10172,770,11,241,2021-11-23,COD,172,172,172,172
OID-10173,770,11,241,2023-03-04,COD,173,173,173,173
OID-10174,9895,20,1598,2023-12-16,COD,174,174,174,174
OID-10175,6517,10,1581,2024-05-19,Debit Card,175,175,175,175
OID-10176,6517,10,1581,2020-05-14,Debit Card,176,176,176,176
OID-10177,1166,11,349,2024-05-19,Credit Card,177,177,177,177
OID-10178,1166,11,349,2020-05-14,Credit Card,178,178,178,178
OID-10179,9820,16,793,2021-08-29,Credit Card,179,179,179,179
OID-10180,8563,8,2624,2024-11-10,COD,180,180,180,180
OID-10181,4441,20,281,2024-11-10,COD,181,181,181,181
OID-10182,7340,8,2271,2021-12-05,EMI,182,182,182,182
OID-10183,5442,1,1610,2021-12-05,EMI,183,183,183,183
OID-10184,1895,14,391,2024-07-05,UPI,184,184,184,184
OID-10185,5323,13,322,2024-07-05,COD,185,185,185,185
OID-10186,8850,13,279,2024-06-25,Debit Card,186,186,186,186
OID-10187,8667,6,1266,2024-06-25,Debit Card,187,187,187,187
OID-10188,6903,1,105,2024-05-31,COD,188,188,188,188
OID-10189,8793,7,3010,2024-05-31,COD,189,189,189,189
OID-10190,9883,16,4812,2020-10-20,UPI,190,190,190,190
OID-10191,9883,16,4812,2022-08-11,UPI,191,191,191,191
OID-10192,9883,16,4812,2021-10-17,UPI,192,192,192,192
OID-10193,5210,7,1185,2020-10-20,UPI,193,193,193,193
OID-10194,5210,7,1185,2022-08-11,UPI,194,194,194,194
OID-10195,5210,7,1185,2021-10-17,UPI,195,195,195,195
OID-10196,3574,4,851,2022-02-23,Credit Card,196,196,196,196
OID-10197,576,13,76,2022-02-23,UPI,197,197,197,197
OID-10198,1860,13,457,2023-09-20,EMI,198,198,198,198
OID-10199,782,8,374,2021-01-19,EMI,199,199,199,199
OID-10200,4371,1,1852,2021-01-19,UPI,200,200,200,200
OID-10201,8346,1,1176,2020-08-21,COD,201,201,201,201
OID-10202,8346,1,1176,2023-04-17,COD,202,202,202,202
OID-10203,8346,1,1176,2023-12-24,COD,203,203,203,203
OID-10204,6218,5,1125,2020-08-21,Debit Card,204,204,204,204
OID-10205,6218,5,1125,2023-04-17,Debit Card,205,205,205,205
OID-10206,6218,5,1125,2023-12-24,Debit Card,206,206,206,206
OID-10207,5167,14,253,2020-08-21,Credit Card,207,207,207,207
OID-10208,5167,14,253,2023-04-17,Credit Card,208,208,208,208
OID-10209,5167,14,253,2023-12-24,Credit Card,209,209,209,209
OID-10210,2799,5,1239,2020-08-21,Debit Card,210,210,210,210
OID-10211,2799,5,1239,2023-04-17,Debit Card,211,211,211,211
OID-10212,2799,5,1239,2023-12-24,Debit Card,212,212,212,212
OID-10213,3234,20,1029,2022-03-20,Credit Card,213,213,213,213
OID-10214,4920,12,775,2021-08-12,Debit Card,214,214,214,214
OID-10215,9078,15,2213,2021-08-12,EMI,215,215,215,215
OID-10216,8586,7,3826,2020-12-21,UPI,216,216,216,216
OID-10217,8586,7,3826,2023-07-07,UPI,217,217,217,217
OID-10218,5047,13,2211,2023-08-13,EMI,218,218,218,218
OID-10219,5047,13,2211,2021-02-04,EMI,219,219,219,219
OID-10220,5047,13,2211,2022-09-16,EMI,220,220,220,220
OID-10221,5047,13,2211,2022-05-06,EMI,221,221,221,221
OID-10222,3657,1,163,2021-05-28,UPI,222,222,222,222
OID-10223,6471,18,2842,2024-07-18,UPI,223,223,223,223
OID-10224,949,9,301,2024-12-06,UPI,224,224,224,224
OID-10225,6823,6,771,2024-12-06,EMI,225,225,225,225
OID-10226,4364,2,831,2024-12-06,EMI,226,226,226,226
OID-10227,6671,10,2797,2022-12-12,UPI,227,227,227,227
OID-10228,7472,3,1037,2022-10-20,COD,228,228,228,228
OID-10229,9548,9,1806,2022-10-20,COD,229,229,229,229
OID-10230,7759,17,3741,2021-03-24,UPI,230,230,230,230
OID-10231,7759,17,3741,2025-01-06,UPI,231,231,231,231
OID-10232,7521,16,3457,2021-03-24,Debit Card,232,232,232,232
OID-10233,7521,16,3457,2025-01-06,Debit Card,233,233,233,233
OID-10234,9704,12,4339,2021-03-06,COD,234,234,234,234
OID-10235,4948,18,2356,2021-03-06,Debit Card,235,235,235,235
OID-10236,6435,10,334,2021-03-06,Debit Card,236,236,236,236
OID-10237,9965,16,3033,2020-06-17,COD,237,237,237,237
OID-10238,9965,16,3033,2023-09-01,COD,238,238,238,238
OID-10239,1523,3,234,2023-06-08,UPI,239,239,239,239
OID-10240,9073,7,424,2023-06-08,Debit Card,240,240,240,240
OID-10241,6447,20,3079,2021-03-25,COD,241,241,241,241
OID-10242,8947,6,2807,2021-03-25,Credit Card,242,242,242,242
OID-10243,914,8,400,2021-01-03,Debit Card,243,243,243,243
OID-10244,1548,3,666,2021-01-03,Credit Card,244,244,244,244
OID-10245,2759,6,1149,2024-12-27,Credit Card,245,245,245,245
OID-10246,1341,4,615,2022-08-12,UPI,246,246,246,246
OID-10247,9851,19,2669,2022-03-28,Debit Card,247,247,247,247
OID-10248,9851,19,2669,2023-07-15,Debit Card,248,248,248,248
OID-10249,9851,19,2669,2022-09-22,Debit Card,249,249,249,249
OID-10250,9989,14,3930,2022-03-28,Debit Card,250,250,250,250
OID-10251,9989,14,3930,2023-07-15,Debit Card,251,251,251,251
OID-10252,9989,14,3930,2022-09-22,Debit Card,252,252,252,252
OID-10253,7421,10,958,2022-12-20,COD,253,253,253,253
OID-10254,7421,10,958,2022-01-16,COD,254,254,254,254
OID-10255,7421,10,958,2023-01-29,COD,255,255,255,255
OID-10256,3099,1,479,2022-01-15,COD,256,256,256,256
OID-10257,2521,7,906,2022-01-15,COD,257,257,257,257
OID-10258,6962,12,3429,2024-03-24,UPI,258,258,258,258
OID-10259,6962,12,3429,2025-02-19,UPI,259,259,259,259
OID-10260,1085,20,301,2024-07-13,UPI,260,260,260,260
OID-10261,738,2,342,2023-04-28,Debit Card,261,261,261,261
OID-10262,738,2,342,2020-12-05,Debit Card,262,262,262,262
OID-10263,738,2,342,2024-05-14,Debit Card,263,263,263,263
OID-10264,738,2,342,2022-01-18,Debit Card,264,264,264,264
OID-10265,1366,17,242,2023-09-18,EMI,265,265,265,265
OID-10266,1518,13,155,2023-09-18,Credit Card,266,266,266,266
OID-10267,2962,1,1470,2021-05-12,COD,267,267,267,267
OID-10268,2962,1,1470,2023-09-17,COD,268,268,268,268
OID-10269,7131,12,718,2021-05-12,UPI,269,269,269,269
OID-10270,7131,12,718,2023-09-17,UPI,270,270,270,270
OID-10271,4200,10,855,2021-05-12,EMI,271,271,271,271
OID-10272,4200,10,855,2023-09-17,EMI,272,272,272,272
OID-10273,5934,2,1563,2024-09-06,EMI,273,273,273,273
OID-10274,2701,11,322,2022-06-18,UPI,274,274,274,274
OID-10275,7273,18,2702,2022-06-18,COD,275,275,275,275
OID-10276,2465,18,699,2020-05-22,Debit Card,276,276,276,276
OID-10277,3479,2,1087,2024-10-17,EMI,277,277,277,277
OID-10278,5457,7,1765,2024-10-17,EMI,278,278,278,278
OID-10279,4957,8,1152,2022-03-22,Credit Card,279,279,279,279
OID-10280,4404,17,858,2024-03-17,Debit Card,280,280,280,280
OID-10281,8776,15,2529,2024-03-17,Credit Card,281,281,281,281
OID-10282,9536,9,1437,2020-04-02,UPI,282,282,282,282
OID-10283,2225,7,589,2020-04-02,Credit Card,283,283,283,283
OID-10284,9574,19,4045,2024-03-13,UPI,284,284,284,284
OID-10285,4382,17,482,2024-03-13,COD,285,285,285,285
OID-10286,8200,19,257,2023-03-21,COD,286,286,286,286
OID-10287,9316,13,3003,2023-03-21,Credit Card,287,287,287,287
OID-10288,6379,15,3128,2023-03-21,COD,288,288,288,288
OID-10289,3348,5,568,2024-03-02,Credit Card,289,289,289,289
OID-10290,3348,5,568,2021-04-30,Credit Card,290,290,290,290
OID-10291,8856,9,2020,2024-03-02,Debit Card,291,291,291,291
OID-10292,8856,9,2020,2021-04-30,Debit Card,292,292,292,292
OID-10293,1760,16,619,2021-09-15,Debit Card,293,293,293,293
OID-10294,1760,16,619,2023-01-28,Debit Card,294,294,294,294
OID-10295,6351,15,986,2021-09-15,UPI,295,295,295,295
OID-10296,6351,15,986,2023-01-28,UPI,296,296,296,296
OID-10297,869,14,373,2021-07-08,Credit Card,297,297,297,297
OID-10298,869,14,373,2020-04-08,Credit Card,298,298,298,298
OID-10299,1486,7,114,2021-07-08,UPI,299,299,299,299
OID-10300,1486,7,114,2020-04-08,UPI,300,300,300,300
OID-10301,2999,13,145,2022-08-23,COD,301,301,301,301
OID-10302,5142,20,1916,2022-08-23,EMI,302,302,302,302
OID-10303,1239,17,575,2022-12-17,UPI,303,303,303,303
OID-10304,1239,17,575,2022-06-08,UPI,304,304,304,304
OID-10305,1262,16,515,2022-12-17,EMI,305,305,305,305
OID-10306,1262,16,515,2022-06-08,EMI,306,306,306,306
OID-10307,1033,5,254,2020-08-28,COD,307,307,307,307
OID-10308,1518,19,159,2020-09-26,UPI,308,308,308,308
OID-10309,8581,2,2444,2020-12-13,Debit Card,309,309,309,309
OID-10310,8581,2,2444,2020-11-19,Debit Card,310,310,310,310
OID-10311,1167,5,463,2023-09-13,UPI,311,311,311,311
OID-10312,2841,20,803,2023-09-13,Credit Card,312,312,312,312
OID-10313,5680,19,2159,2023-09-13,UPI,313,313,313,313
OID-10314,8204,6,2382,2020-03-31,UPI,314,314,314,314
OID-10315,8204,6,2382,2020-10-20,UPI,315,315,315,315
OID-10316,2850,6,904,2020-03-31,EMI,316,316,316,316
OID-10317,2850,6,904,2020-10-20,EMI,317,317,317,317
OID-10318,907,9,391,2023-08-04,Credit Card,318,318,318,318
OID-10319,2174,19,265,2022-04-11,Credit Card,319,319,319,319
OID-10320,8541,12,2029,2022-04-11,Credit Card,320,320,320,320
OID-10321,1931,3,551,2022-04-11,EMI,321,321,321,321
OID-10322,1281,3,340,2021-12-31,Debit Card,322,322,322,322
OID-10323,2404,15,253,2021-12-31,COD,323,323,323,323
OID-10324,2119,1,196,2020-08-16,COD,324,324,324,324
OID-10325,3137,9,571,2025-02-02,Debit Card,325,325,325,325
OID-10326,2323,7,727,2022-02-24,COD,326,326,326,326
OID-10327,1368,9,406,2022-02-24,UPI,327,327,327,327
OID-10328,9204,16,3289,2024-02-25,Credit Card,328,328,328,328
OID-10329,9204,16,3289,2021-06-15,Credit Card,329,329,329,329
OID-10330,9894,20,3698,2024-02-25,EMI,330,330,330,330
OID-10331,9894,20,3698,2021-06-15,EMI,331,331,331,331
OID-10332,5322,18,1423,2022-12-08,COD,332,332,332,332
OID-10333,5322,18,1423,2023-12-09,COD,333,333,333,333
OID-10334,2666,14,559,2022-07-16,COD,334,334,334,334
OID-10335,8383,4,937,2024-05-05,UPI,335,335,335,335
OID-10336,7560,4,821,2021-10-04,EMI,336,336,336,336
OID-10337,1314,16,490,2021-11-20,UPI,337,337,337,337
OID-10338,4390,1,179,2021-11-20,Debit Card,338,338,338,338
OID-10339,1150,7,58,2021-11-20,Debit Card,339,339,339,339
OID-10340,1574,17,258,2020-09-15,EMI,340,340,340,340
OID-10341,5635,17,318,2020-09-15,UPI,341,341,341,341
OID-10342,6515,11,961,2020-09-15,Debit Card,342,342,342,342
OID-10343,1231,20,214,2023-01-17,Debit Card,343,343,343,343
OID-10344,1231,20,214,2020-06-16,Debit Card,344,344,344,344
OID-10345,6891,3,2529,2024-05-01,Debit Card,345,345,345,345
OID-10346,7524,15,2308,2023-12-07,EMI,346,346,346,346
OID-10347,6864,14,1824,2023-12-07,Credit Card,347,347,347,347
OID-10348,4215,14,432,2024-02-02,Debit Card,348,348,348,348
OID-10349,622,19,218,2024-06-23,Credit Card,349,349,349,349
OID-10350,1755,18,495,2024-06-23,UPI,350,350,350,350
OID-10351,8020,20,3898,2024-06-23,EMI,351,351,351,351
OID-10352,7333,4,1576,2024-06-07,Credit Card,352,352,352,352
OID-10353,7690,4,1134,2023-10-13,COD,353,353,353,353
OID-10354,912,2,246,2023-10-13,EMI,354,354,354,354
OID-10355,2791,14,894,2022-10-08,COD,355,355,355,355
OID-10356,2791,14,894,2023-10-27,COD,356,356,356,356
OID-10357,2791,14,894,2021-02-09,COD,357,357,357,357
OID-10358,6223,3,1478,2022-10-08,Debit Card,358,358,358,358
OID-10359,6223,3,1478,2023-10-27,Debit Card,359,359,359,359
OID-10360,6223,3,1478,2021-02-09,Debit Card,360,360,360,360
OID-10361,8943,17,3121,2022-10-08,Debit Card,361,361,361,361
OID-10362,8943,17,3121,2023-10-27,Debit Card,362,362,362,362
OID-10363,8943,17,3121,2021-02-09,Debit Card,363,363,363,363
OID-10364,3297,12,102,2022-10-08,Credit Card,364,364,364,364
OID-10365,3297,12,102,2023-10-27,Credit Card,365,365,365,365
OID-10366,3297,12,102,2021-02-09,Credit Card,366,366,366,366
OID-10367,8769,20,1989,2020-11-03,UPI,367,367,367,367
OID-10368,9057,19,1888,2022-05-30,COD,368,368,368,368
OID-10369,6864,11,3275,2022-05-30,Credit Card,369,369,369,369
OID-10370,9200,13,809,2022-05-30,COD,370,370,370,370
OID-10371,6113,6,2508,2024-06-16,UPI,371,371,371,371
OID-10372,7733,15,2784,2024-06-16,EMI,372,372,372,372
OID-10373,8524,14,154,2024-06-16,COD,373,373,373,373
OID-10374,6187,15,2344,2024-06-16,EMI,374,374,374,374
OID-10375,4364,18,148,2022-07-15,EMI,375,375,375,375
OID-10376,736,12,286,2022-07-15,EMI,376,376,376,376
OID-10377,9905,17,633,2021-07-18,EMI,377,377,377,377
OID-10378,9905,17,633,2021-10-02,EMI,378,378,378,378
OID-10379,2493,9,1221,2024-04-16,Credit Card,379,379,379,379
OID-10380,9849,1,963,2024-04-16,Credit Card,380,380,380,380
OID-10381,3423,4,804,2020-07-09,Credit Card,381,381,381,381
OID-10382,3423,4,804,2020-07-25,Credit Card,382,382,382,382
OID-10383,3423,4,804,2024-01-24,Credit Card,383,383,383,383
OID-10384,3423,4,804,2020-05-04,Credit Card,384,384,384,384
OID-10385,3423,4,804,2021-11-13,Credit Card,385,385,385,385
OID-10386,3900,9,115,2023-10-07,COD,386,386,386,386
OID-10387,8568,11,2419,2021-10-23,UPI,387,387,387,387
OID-10388,3283,6,71,2021-10-23,EMI,388,388,388,388
OID-10389,7643,19,3720,2022-07-18,EMI,389,389,389,389
OID-10390,3461,15,1537,2024-08-23,EMI,390,390,390,390
OID-10391,5714,6,1438,2024-08-23,Credit Card,391,391,391,391
OID-10392,3853,10,1457,2024-08-23,COD,392,392,392,392
OID-10393,6016,20,431,2020-10-28,UPI,393,393,393,393
OID-10394,1290,12,204,2024-06-15,UPI,394,394,394,394
OID-10395,1290,12,204,2024-12-19,UPI,395,395,395,395
OID-10396,4569,10,1693,2020-09-04,UPI,396,396,396,396
OID-10397,3083,16,1151,2022-04-16,Debit Card,397,397,397,397
OID-10398,3522,15,898,2024-08-29,Credit Card,398,398,398,398
OID-10399,3522,15,898,2022-01-14,Credit Card,399,399,399,399
OID-10400,7301,3,3602,2024-04-07,Debit Card,400,400,400,400
OID-10401,4462,8,121,2022-04-24,COD,401,401,401,401
OID-10402,6212,17,1881,2022-04-24,COD,402,402,402,402
OID-10403,4027,3,1386,2020-08-27,EMI,403,403,403,403
OID-10404,1676,14,330,2023-03-01,EMI,404,404,404,404
OID-10405,3927,12,1133,2023-03-01,COD,405,405,405,405
OID-10406,2776,9,887,2023-03-01,Debit Card,406,406,406,406
OID-10407,7684,12,1157,2020-10-02,COD,407,407,407,407
OID-10408,7684,12,1157,2020-06-23,COD,408,408,408,408
OID-10409,7684,12,1157,2023-08-21,COD,409,409,409,409
OID-10410,6008,17,2498,2022-07-16,Credit Card,410,410,410,410
OID-10411,7344,20,2598,2022-08-01,COD,411,411,411,411
OID-10412,6932,20,3218,2020-07-16,COD,412,412,412,412
OID-10413,7748,16,1706,2020-05-02,EMI,413,413,413,413
OID-10414,6381,20,2763,2020-05-02,UPI,414,414,414,414
OID-10415,992,6,64,2020-05-02,Credit Card,415,415,415,415
OID-10416,8649,13,2631,2024-01-10,EMI,416,416,416,416
OID-10417,8649,13,2631,2020-09-30,EMI,417,417,417,417
OID-10418,4099,18,52,2022-03-28,UPI,418,418,418,418
OID-10419,2539,5,324,2021-01-30,UPI,419,419,419,419
OID-10420,9845,9,3062,2025-03-14,COD,420,420,420,420
OID-10421,2901,2,1411,2021-10-26,Debit Card,421,421,421,421
OID-10422,2901,2,1411,2023-01-11,Debit Card,422,422,422,422
OID-10423,6934,6,1152,2021-10-26,Credit Card,423,423,423,423
OID-10424,6934,6,1152,2023-01-11,Credit Card,424,424,424,424
OID-10425,9640,2,2606,2021-10-31,Credit Card,425,425,425,425
OID-10426,7930,13,1981,2023-05-04,Credit Card,426,426,426,426
OID-10427,7930,13,1981,2024-08-09,Credit Card,427,427,427,427
OID-10428,9894,1,829,2022-08-21,COD,428,428,428,428
OID-10429,4534,4,2235,2022-08-21,COD,429,429,429,429
OID-10430,4911,20,186,2022-06-19,Debit Card,430,430,430,430
OID-10431,531,20,189,2022-06-19,Debit Card,431,431,431,431
OID-10432,9707,10,3483,2025-01-29,EMI,432,432,432,432
OID-10433,8521,7,2584,2025-01-29,COD,433,433,433,433
OID-10434,8438,12,3427,2022-01-14,Credit Card,434,434,434,434
OID-10435,1689,9,109,2022-01-14,UPI,435,435,435,435
OID-10436,3936,14,1626,2022-01-14,COD,436,436,436,436
OID-10437,7664,19,1753,2023-06-15,Debit Card,437,437,437,437
OID-10438,721,13,258,2023-10-18,Debit Card,438,438,438,438
OID-10439,721,13,258,2022-06-13,Debit Card,439,439,439,439
OID-10440,8364,17,3055,2023-10-18,Credit Card,440,440,440,440
OID-10441,8364,17,3055,2022-06-13,Credit Card,441,441,441,441
OID-10442,5234,15,2021,2023-10-18,EMI,442,442,442,442
OID-10443,5234,15,2021,2022-06-13,EMI,443,443,443,443
OID-10444,3944,18,1559,2024-06-12,Credit Card,444,444,444,444
OID-10445,6711,12,1045,2024-06-12,Credit Card,445,445,445,445
OID-10446,5031,4,714,2024-06-12,Credit Card,446,446,446,446
OID-10447,6295,14,2469,2024-06-12,EMI,447,447,447,447
OID-10448,9654,1,4111,2022-06-27,UPI,448,448,448,448
OID-10449,3112,20,1065,2022-06-27,COD,449,449,449,449
OID-10450,7838,13,1142,2021-02-18,UPI,450,450,450,450
OID-10451,9300,6,3146,2021-02-18,Credit Card,451,451,451,451
OID-10452,1733,17,133,2021-02-18,Debit Card,452,452,452,452
OID-10453,874,15,235,2023-05-29,Debit Card,453,453,453,453
OID-10454,874,15,235,2021-06-04,Debit Card,454,454,454,454
OID-10455,1248,13,584,2024-01-22,EMI,455,455,455,455
OID-10456,1248,13,584,2022-12-27,EMI,456,456,456,456
OID-10457,3669,14,154,2024-01-22,EMI,457,457,457,457
OID-10458,3669,14,154,2022-12-27,EMI,458,458,458,458
OID-10459,514,15,109,2024-01-22,Debit Card,459,459,459,459
OID-10460,514,15,109,2022-12-27,Debit Card,460,460,460,460
OID-10461,3273,16,85,2024-03-30,UPI,461,461,461,461
OID-10462,5035,2,2008,2020-04-04,COD,462,462,462,462
OID-10463,7702,19,60,2020-04-04,UPI,463,463,463,463
OID-10464,9884,7,4446,2020-04-04,EMI,464,464,464,464
OID-10465,5564,11,175,2023-01-22,COD,465,465,465,465
OID-10466,5564,11,175,2022-04-12,COD,466,466,466,466
OID-10467,5564,11,175,2023-12-13,COD,467,467,467,467
OID-10468,3953,15,1776,2023-01-22,UPI,468,468,468,468
OID-10469,3953,15,1776,2022-04-12,UPI,469,469,469,469
OID-10470,3953,15,1776,2023-12-13,UPI,470,470,470,470
OID-10471,6488,18,1591,2023-05-24,EMI,471,471,471,471
OID-10472,6488,18,1591,2020-11-29,EMI,472,472,472,472
OID-10473,7856,17,3699,2021-03-24,UPI,473,473,473,473
OID-10474,1165,3,51,2021-03-24,EMI,474,474,474,474
OID-10475,9386,20,2555,2020-08-19,Credit Card,475,475,475,475
OID-10476,9386,20,2555,2022-10-20,Credit Card,476,476,476,476
OID-10477,3956,12,142,2023-09-20,Debit Card,477,477,477,477
OID-10478,3956,12,142,2024-12-26,Debit Card,478,478,478,478
OID-10479,6449,11,2628,2023-09-20,EMI,479,479,479,479
OID-10480,6449,11,2628,2024-12-26,EMI,480,480,480,480
OID-10481,6255,18,437,2021-12-03,COD,481,481,481,481
OID-10482,2109,20,681,2021-12-03,UPI,482,482,482,482
OID-10483,6707,20,1041,2021-09-14,Credit Card,483,483,483,483
OID-10484,7633,13,184,2021-09-30,COD,484,484,484,484
OID-10485,975,18,224,2021-12-22,COD,485,485,485,485
OID-10486,4492,7,1450,2021-12-22,EMI,486,486,486,486
OID-10487,7957,12,2834,2021-12-22,UPI,487,487,487,487
OID-10488,4906,7,975,2022-05-18,Debit Card,488,488,488,488
OID-10489,1379,3,250,2020-10-08,Credit Card,489,489,489,489
OID-10490,4244,10,340,2020-10-08,Debit Card,490,490,490,490
OID-10491,5911,14,2333,2022-08-20,EMI,491,491,491,491
OID-10492,5911,14,2333,2024-11-25,EMI,492,492,492,492
OID-10493,1818,11,738,2022-08-20,EMI,493,493,493,493
OID-10494,1818,11,738,2024-11-25,EMI,494,494,494,494
OID-10495,2140,4,970,2020-09-30,Credit Card,495,495,495,495
OID-10496,2140,4,970,2025-02-20,Credit Card,496,496,496,496
OID-10497,2140,4,970,2022-03-20,Credit Card,497,497,497,497
OID-10498,2670,1,1026,2020-09-30,Debit Card,498,498,498,498
OID-10499,2670,1,1026,2025-02-20,Debit Card,499,499,499,499
OID-10500,2670,1,1026,2022-03-20,Debit Card,500,500,500,500
OID-10501,1108,18,167,2025-03-07,Debit Card,501,501,501,501
OID-10502,9776,9,3750,2025-03-07,UPI,502,502,502,502
OID-10503,535,6,72,2025-03-07,COD,503,503,503,503
OID-10504,7564,5,3463,2024-06-16,Credit Card,504,504,504,504
OID-10505,7564,5,3463,2020-11-21,Credit Card,505,505,505,505
OID-10506,7564,5,3463,2024-10-01,Credit Card,506,506,506,506
OID-10507,7564,5,3463,2024-07-01,Credit Card,507,507,507,507
OID-10508,3409,20,1605,2024-06-16,UPI,508,508,508,508
OID-10509,3409,20,1605,2020-11-21,UPI,509,509,509,509
OID-10510,3409,20,1605,2024-10-01,UPI,510,510,510,510
OID-10511,3409,20,1605,2024-07-01,UPI,511,511,511,511
OID-10512,9751,13,2459,2020-11-23,COD,512,512,512,512
OID-10513,6385,11,2656,2023-03-18,Credit Card,513,513,513,513
OID-10514,6385,11,2656,2022-10-19,Credit Card,514,514,514,514
OID-10515,6355,15,1335,2023-08-31,Debit Card,515,515,515,515
OID-10516,6355,15,1335,2021-06-06,Debit Card,516,516,516,516
OID-10517,7377,15,320,2022-12-21,Debit Card,517,517,517,517
OID-10518,2054,12,371,2022-12-21,EMI,518,518,518,518
OID-10519,7497,18,319,2024-02-12,COD,519,519,519,519
OID-10520,2565,20,983,2022-12-05,Debit Card,520,520,520,520
OID-10521,5024,19,1544,2022-12-05,COD,521,521,521,521
OID-10522,8243,15,1346,2021-04-04,Debit Card,522,522,522,522
OID-10523,7792,13,1403,2021-02-12,UPI,523,523,523,523
OID-10524,7792,13,1403,2022-12-27,UPI,524,524,524,524
OID-10525,7792,13,1403,2024-01-19,UPI,525,525,525,525
OID-10526,2346,14,388,2021-02-12,Debit Card,526,526,526,526
OID-10527,2346,14,388,2022-12-27,Debit Card,527,527,527,527
OID-10528,2346,14,388,2024-01-19,Debit Card,528,528,528,528
OID-10529,7346,10,1043,2022-12-25,Credit Card,529,529,529,529
OID-10530,9770,7,4132,2022-12-25,UPI,530,530,530,530
OID-10531,7179,13,683,2022-12-25,Credit Card,531,531,531,531
OID-10532,5449,2,2389,2022-10-06,UPI,532,532,532,532
OID-10533,2895,6,104,2020-04-27,COD,533,533,533,533
OID-10534,2895,6,104,2024-05-13,COD,534,534,534,534
OID-10535,697,1,116,2020-04-27,UPI,535,535,535,535
OID-10536,697,1,116,2024-05-13,UPI,536,536,536,536
OID-10537,6145,4,1414,2020-10-23,COD,537,537,537,537
OID-10538,2504,18,440,2020-10-23,UPI,538,538,538,538
OID-10539,3124,16,138,2020-10-23,Debit Card,539,539,539,539
OID-10540,6934,1,1226,2021-06-11,Debit Card,540,540,540,540
OID-10541,6934,1,1226,2021-09-08,Debit Card,541,541,541,541
OID-10542,4202,3,1171,2022-11-23,COD,542,542,542,542
OID-10543,4202,3,1171,2022-10-31,COD,543,543,543,543
OID-10544,4202,3,1171,2023-11-06,COD,544,544,544,544
OID-10545,4202,3,1171,2023-11-12,COD,545,545,545,545
OID-10546,2239,1,828,2023-06-26,UPI,546,546,546,546
OID-10547,2239,1,828,2023-09-30,UPI,547,547,547,547
OID-10548,2450,4,1002,2023-06-26,Debit Card,548,548,548,548
OID-10549,2450,4,1002,2023-09-30,Debit Card,549,549,549,549
OID-10550,9827,13,4208,2020-09-12,Debit Card,550,550,550,550
OID-10551,8077,15,240,2020-09-12,Credit Card,551,551,551,551
OID-10552,5152,14,2045,2020-11-27,UPI,552,552,552,552
OID-10553,5152,14,2045,2022-08-25,UPI,553,553,553,553
OID-10554,5152,14,2045,2023-08-23,UPI,554,554,554,554
OID-10555,5152,14,2045,2023-10-11,UPI,555,555,555,555
OID-10556,2542,1,190,2022-04-21,Credit Card,556,556,556,556
OID-10557,8102,5,1800,2023-09-14,UPI,557,557,557,557
OID-10558,8102,5,1800,2020-04-29,UPI,558,558,558,558
OID-10559,8102,5,1800,2020-12-15,UPI,559,559,559,559
OID-10560,3234,10,1274,2023-09-14,EMI,560,560,560,560
OID-10561,3234,10,1274,2020-04-29,EMI,561,561,561,561
OID-10562,3234,10,1274,2020-12-15,EMI,562,562,562,562
OID-10563,6200,18,2321,2024-07-11,Credit Card,563,563,563,563
OID-10564,6200,18,2321,2024-09-21,Credit Card,564,564,564,564
OID-10565,4470,13,413,2025-02-02,UPI,565,565,565,565
OID-10566,916,7,362,2022-10-21,UPI,566,566,566,566
OID-10567,916,7,362,2020-10-21,UPI,567,567,567,567
OID-10568,1165,20,302,2022-10-21,UPI,568,568,568,568
OID-10569,1165,20,302,2020-10-21,UPI,569,569,569,569
OID-10570,7846,12,677,2022-10-21,UPI,570,570,570,570
OID-10571,7846,12,677,2020-10-21,UPI,571,571,571,571
OID-10572,3022,1,384,2022-01-11,Credit Card,572,572,572,572
OID-10573,3022,1,384,2021-02-17,Credit Card,573,573,573,573
OID-10574,5266,13,1111,2022-01-11,Debit Card,574,574,574,574
OID-10575,5266,13,1111,2021-02-17,Debit Card,575,575,575,575
OID-10576,4853,9,1764,2021-11-06,Debit Card,576,576,576,576
OID-10577,4853,9,1764,2022-08-30,Debit Card,577,577,577,577
OID-10578,9832,1,1270,2022-10-07,COD,578,578,578,578
OID-10579,796,15,153,2022-10-07,Credit Card,579,579,579,579
OID-10580,883,7,127,2023-06-04,COD,580,580,580,580
OID-10581,4539,8,1155,2023-06-04,Debit Card,581,581,581,581
OID-10582,9659,16,2226,2023-06-04,Debit Card,582,582,582,582
OID-10583,9562,2,325,2022-05-13,Debit Card,583,583,583,583
OID-10584,4688,3,1841,2023-01-23,Credit Card,584,584,584,584
OID-10585,4688,3,1841,2021-07-25,Credit Card,585,585,585,585
OID-10586,7900,4,482,2025-03-08,COD,586,586,586,586
OID-10587,6967,17,3257,2022-12-25,COD,587,587,587,587
OID-10588,1091,6,277,2022-12-25,COD,588,588,588,588
OID-10589,6027,2,1530,2022-12-25,Credit Card,589,589,589,589
OID-10590,4852,2,218,2024-04-24,EMI,590,590,590,590
OID-10591,4852,2,218,2021-12-24,EMI,591,591,591,591
OID-10592,4852,2,218,2023-09-07,EMI,592,592,592,592
OID-10593,4314,6,1453,2021-08-10,COD,593,593,593,593
OID-10594,3288,3,1477,2024-05-26,EMI,594,594,594,594
OID-10595,3288,3,1477,2022-02-19,EMI,595,595,595,595
OID-10596,3977,5,813,2024-12-09,Credit Card,596,596,596,596
OID-10597,6252,2,1377,2023-06-01,EMI,597,597,597,597
OID-10598,9084,12,3253,2023-11-05,Debit Card,598,598,598,598
OID-10599,8994,15,1481,2020-06-21,Credit Card,599,599,599,599
OID-10600,1089,16,176,2020-10-26,EMI,600,600,600,600
OID-10601,6690,19,1001,2022-06-06,UPI,601,601,601,601
OID-10602,6690,19,1001,2021-11-13,UPI,602,602,602,602
OID-10603,4985,10,1920,2022-06-06,Credit Card,603,603,603,603
OID-10604,4985,10,1920,2021-11-13,Credit Card,604,604,604,604
OID-10605,8590,15,3565,2021-11-11,EMI,605,605,605,605
OID-10606,6973,10,3038,2021-11-11,COD,606,606,606,606
OID-10607,4591,19,1941,2021-07-31,EMI,607,607,607,607
OID-10608,9612,17,2572,2021-07-31,Credit Card,608,608,608,608
OID-10609,5343,1,655,2024-04-13,EMI,609,609,609,609
OID-10610,6956,20,318,2022-04-19,Debit Card,610,610,610,610
OID-10611,5306,17,2405,2024-03-23,EMI,611,611,611,611
OID-10612,8982,17,448,2021-05-07,UPI,612,612,612,612
OID-10613,4826,5,562,2021-05-07,Debit Card,613,613,613,613
OID-10614,972,15,106,2022-05-06,EMI,614,614,614,614
OID-10615,3665,4,802,2021-08-09,Credit Card,615,615,615,615
OID-10616,3665,4,802,2025-02-09,Credit Card,616,616,616,616
OID-10617,9808,2,2117,2024-04-23,UPI,617,617,617,617
OID-10618,1133,17,73,2023-02-23,UPI,618,618,618,618
OID-10619,1133,17,73,2024-06-06,UPI,619,619,619,619
OID-10620,6248,19,1168,2023-02-23,COD,620,620,620,620
OID-10621,6248,19,1168,2024-06-06,COD,621,621,621,621
OID-10622,5666,17,2733,2025-01-27,Credit Card,622,622,622,622
OID-10623,4171,18,1450,2023-04-07,COD,623,623,623,623
OID-10624,6236,7,2839,2022-01-20,Credit Card,624,624,624,624
OID-10625,6236,7,2839,2022-05-10,Credit Card,625,625,625,625
OID-10626,5410,8,2456,2024-05-29,Credit Card,626,626,626,626
OID-10627,5410,8,2456,2022-01-04,Credit Card,627,627,627,627
OID-10628,3024,1,1353,2024-05-02,Credit Card,628,628,628,628
OID-10629,3024,1,1353,2021-12-28,Credit Card,629,629,629,629
OID-10630,7434,5,2851,2022-12-12,UPI,630,630,630,630
OID-10631,7213,19,508,2023-08-17,Debit Card,631,631,631,631
OID-10632,7213,19,508,2021-11-29,Debit Card,632,632,632,632
OID-10633,3176,9,586,2023-08-17,EMI,633,633,633,633
OID-10634,3176,9,586,2021-11-29,EMI,634,634,634,634
OID-10635,9144,18,2220,2021-06-13,Credit Card,635,635,635,635
OID-10636,4146,19,865,2022-07-04,EMI,636,636,636,636
OID-10637,3793,7,875,2022-07-04,EMI,637,637,637,637
OID-10638,7169,11,2385,2021-06-27,COD,638,638,638,638
OID-10639,4046,18,417,2021-06-27,Credit Card,639,639,639,639
OID-10640,4164,11,905,2023-12-04,COD,640,640,640,640
OID-10641,5389,5,2196,2023-12-04,UPI,641,641,641,641
OID-10642,5448,5,2204,2022-08-09,COD,642,642,642,642
OID-10643,4115,1,1285,2020-04-08,UPI,643,643,643,643
OID-10644,4761,12,2231,2020-04-08,UPI,644,644,644,644
OID-10645,5899,6,2264,2023-10-20,EMI,645,645,645,645
OID-10646,6109,9,3040,2022-02-10,EMI,646,646,646,646
OID-10647,6109,9,3040,2023-10-05,EMI,647,647,647,647
OID-10648,4628,17,1491,2022-02-10,UPI,648,648,648,648
OID-10649,4628,17,1491,2023-10-05,UPI,649,649,649,649
OID-10650,4369,13,584,2022-09-22,Credit Card,650,650,650,650
OID-10651,4369,13,584,2021-04-03,Credit Card,651,651,651,651
OID-10652,5632,20,2358,2021-05-03,Credit Card,652,652,652,652
OID-10653,5632,20,2358,2024-02-11,Credit Card,653,653,653,653
OID-10654,5632,20,2358,2025-02-04,Credit Card,654,654,654,654
OID-10655,7519,14,402,2022-10-12,UPI,655,655,655,655
OID-10656,1564,13,674,2022-10-12,Debit Card,656,656,656,656
OID-10657,2804,10,936,2022-02-06,Credit Card,657,657,657,657
OID-10658,2804,10,936,2020-11-09,Credit Card,658,658,658,658
OID-10659,2804,10,936,2023-05-03,Credit Card,659,659,659,659
OID-10660,2321,6,505,2022-10-04,EMI,660,660,660,660
OID-10661,5730,6,482,2024-08-21,COD,661,661,661,661
OID-10662,7441,12,867,2021-11-20,COD,662,662,662,662
OID-10663,7441,12,867,2020-05-13,COD,663,663,663,663
OID-10664,1732,7,766,2023-02-28,UPI,664,664,664,664
OID-10665,8788,19,3944,2023-02-28,EMI,665,665,665,665
OID-10666,838,11,271,2021-01-21,EMI,666,666,666,666
OID-10667,838,11,271,2022-02-28,EMI,667,667,667,667
OID-10668,3577,2,699,2021-01-21,UPI,668,668,668,668
OID-10669,3577,2,699,2022-02-28,UPI,669,669,669,669
OID-10670,7122,6,1836,2024-04-25,Debit Card,670,670,670,670
OID-10671,7122,6,1836,2023-03-10,Debit Card,671,671,671,671
OID-10672,7122,6,1836,2023-07-10,Debit Card,672,672,672,672
OID-10673,7327,15,2596,2024-04-25,Credit Card,673,673,673,673
OID-10674,7327,15,2596,2023-03-10,Credit Card,674,674,674,674
OID-10675,7327,15,2596,2023-07-10,Credit Card,675,675,675,675
OID-10676,2239,18,1094,2024-07-28,COD,676,676,676,676
OID-10677,4932,1,1153,2024-07-28,COD,677,677,677,677
OID-10678,4609,8,1084,2023-07-30,UPI,678,678,678,678
OID-10679,2328,4,788,2023-07-30,UPI,679,679,679,679
OID-10680,4734,7,958,2023-07-30,Debit Card,680,680,680,680
OID-10681,1388,5,345,2024-10-05,UPI,681,681,681,681
OID-10682,8555,8,1638,2024-10-05,Credit Card,682,682,682,682
OID-10683,9024,4,730,2024-02-20,Credit Card,683,683,683,683
OID-10684,2468,4,418,2024-02-20,Credit Card,684,684,684,684
OID-10685,9438,4,1801,2023-04-19,COD,685,685,685,685
OID-10686,9438,4,1801,2023-10-29,COD,686,686,686,686
OID-10687,2685,18,379,2022-03-08,UPI,687,687,687,687
OID-10688,2685,18,379,2022-12-08,UPI,688,688,688,688
OID-10689,9916,14,4602,2022-03-08,UPI,689,689,689,689
OID-10690,9916,14,4602,2022-12-08,UPI,690,690,690,690
OID-10691,6184,14,50,2022-03-08,Credit Card,691,691,691,691
OID-10692,6184,14,50,2022-12-08,Credit Card,692,692,692,692
OID-10693,4548,8,2135,2022-03-08,Debit Card,693,693,693,693
OID-10694,4548,8,2135,2022-12-08,Debit Card,694,694,694,694
OID-10695,7195,7,1665,2024-07-27,COD,695,695,695,695
OID-10696,7195,7,1665,2022-07-05,COD,696,696,696,696
OID-10697,3098,18,957,2024-07-04,COD,697,697,697,697
OID-10698,5412,18,1192,2024-02-28,Credit Card,698,698,698,698
OID-10699,5412,18,1192,2025-01-03,Credit Card,699,699,699,699
OID-10700,1397,11,686,2021-12-07,Credit Card,700,700,700,700
OID-10701,9279,14,552,2021-12-14,EMI,701,701,701,701
OID-10702,9279,14,552,2020-11-30,EMI,702,702,702,702
OID-10703,2596,19,1003,2021-12-14,Credit Card,703,703,703,703
OID-10704,2596,19,1003,2020-11-30,Credit Card,704,704,704,704
OID-10705,6732,19,911,2021-12-29,EMI,705,705,705,705
OID-10706,4495,14,1408,2021-12-29,EMI,706,706,706,706
OID-10707,9653,6,2471,2024-07-08,UPI,707,707,707,707
OID-10708,8945,10,1728,2021-02-10,UPI,708,708,708,708
OID-10709,4007,13,201,2020-10-21,COD,709,709,709,709
OID-10710,4007,13,201,2023-04-17,COD,710,710,710,710
OID-10711,810,18,231,2020-10-21,EMI,711,711,711,711
OID-10712,9789,18,2071,2023-12-28,Debit Card,712,712,712,712
OID-10713,9229,8,4090,2023-12-28,COD,713,713,713,713
OID-10714,8141,18,3968,2022-12-23,Debit Card,714,714,714,714
OID-10715,8141,18,3968,2022-08-10,Debit Card,715,715,715,715
OID-10716,1067,14,251,2022-12-23,EMI,716,716,716,716
OID-10717,1067,14,251,2022-08-10,EMI,717,717,717,717
OID-10718,3839,10,1415,2023-10-17,UPI,718,718,718,718
OID-10719,3839,10,1415,2022-02-28,UPI,719,719,719,719
OID-10720,2858,13,482,2024-05-24,COD,720,720,720,720
OID-10721,2137,12,638,2020-10-02,Debit Card,721,721,721,721
OID-10722,2831,12,1289,2020-10-02,Debit Card,722,722,722,722
OID-10723,3913,15,961,2024-02-10,UPI,723,723,723,723
OID-10724,3913,15,961,2021-02-06,UPI,724,724,724,724
OID-10725,4468,9,1940,2022-03-16,COD,725,725,725,725
OID-10726,1579,9,602,2020-05-24,Credit Card,726,726,726,726
OID-10727,1579,9,602,2025-02-16,Credit Card,727,727,727,727
OID-10728,1579,9,602,2021-11-16,Credit Card,728,728,728,728
OID-10729,1579,9,602,2024-09-08,Credit Card,729,729,729,729
OID-10730,3760,19,1849,2020-05-24,EMI,730,730,730,730
OID-10731,3760,19,1849,2025-02-16,EMI,731,731,731,731
OID-10732,3760,19,1849,2021-11-16,EMI,732,732,732,732
OID-10733,3760,19,1849,2024-09-08,EMI,733,733,733,733
OID-10734,8706,14,3099,2022-06-29,Credit Card,734,734,734,734
OID-10735,4708,14,696,2022-06-29,Credit Card,735,735,735,735
OID-10736,8089,17,3132,2022-06-29,COD,736,736,736,736
OID-10737,5462,12,673,2022-11-03,Debit Card,737,737,737,737
OID-10738,6392,18,444,2023-11-28,Credit Card,738,738,738,738
OID-10739,8706,3,1724,2020-04-25,Debit Card,739,739,739,739
OID-10740,2349,4,319,2022-01-18,UPI,740,740,740,740
OID-10741,8220,14,3882,2022-01-18,UPI,741,741,741,741
OID-10742,2379,7,279,2022-01-18,Debit Card,742,742,742,742
OID-10743,7377,4,2049,2022-01-18,UPI,743,743,743,743
OID-10744,717,16,158,2022-03-23,Credit Card,744,744,744,744
OID-10745,717,16,158,2020-06-24,Credit Card,745,745,745,745
OID-10746,717,16,158,2022-12-23,Credit Card,746,746,746,746
OID-10747,717,16,158,2024-11-24,Credit Card,747,747,747,747
OID-10748,717,16,158,2020-11-06,Credit Card,748,748,748,748
OID-10749,717,16,158,2023-10-24,Credit Card,749,749,749,749
OID-10750,508,17,177,2022-03-23,UPI,750,750,750,750
OID-10751,508,17,177,2020-06-24,UPI,751,751,751,751
OID-10752,508,17,177,2022-12-23,UPI,752,752,752,752
OID-10753,508,17,177,2024-11-24,UPI,753,753,753,753
OID-10754,508,17,177,2020-11-06,UPI,754,754,754,754
OID-10755,508,17,177,2023-10-24,UPI,755,755,755,755
OID-10756,9382,3,1085,2023-07-18,Debit Card,756,756,756,756
OID-10757,9382,3,1085,2022-05-16,Debit Card,757,757,757,757
OID-10758,4936,19,576,2023-07-18,COD,758,758,758,758
OID-10759,4936,19,576,2022-05-16,COD,759,759,759,759
OID-10760,2663,19,64,2024-06-16,COD,760,760,760,760
OID-10761,2663,19,64,2021-10-23,COD,761,761,761,761
OID-10762,5151,5,1680,2022-10-22,EMI,762,762,762,762
OID-10763,2514,8,95,2023-07-17,UPI,763,763,763,763
OID-10764,6129,2,2976,2025-02-24,EMI,764,764,764,764
OID-10765,4395,3,1663,2025-02-24,COD,765,765,765,765
OID-10766,5393,8,2642,2021-03-07,UPI,766,766,766,766
OID-10767,2280,8,509,2021-01-03,Credit Card,767,767,767,767
OID-10768,6596,9,1439,2023-05-03,Debit Card,768,768,768,768
OID-10769,4510,5,1896,2023-10-25,EMI,769,769,769,769
OID-10770,6077,18,2378,2022-08-21,COD,770,770,770,770
OID-10771,5379,17,2510,2022-04-16,COD,771,771,771,771
OID-10772,4629,16,1660,2023-04-02,EMI,772,772,772,772
OID-10773,2710,20,555,2024-10-21,Debit Card,773,773,773,773
OID-10774,3224,14,1018,2024-10-21,UPI,774,774,774,774
OID-10775,8042,15,936,2021-07-09,EMI,775,775,775,775
OID-10776,8042,15,936,2022-04-08,EMI,776,776,776,776
OID-10777,3957,10,151,2022-04-30,EMI,777,777,777,777
OID-10778,8769,16,3178,2023-01-20,Debit Card,778,778,778,778
OID-10779,2957,16,917,2024-11-17,Debit Card,779,779,779,779
OID-10780,5344,6,2607,2022-04-23,Debit Card,780,780,780,780
OID-10781,5344,6,2607,2025-02-18,Debit Card,781,781,781,781
OID-10782,6061,19,2121,2021-05-27,EMI,782,782,782,782
OID-10783,6061,19,2121,2022-01-17,EMI,783,783,783,783
OID-10784,5376,7,1928,2025-01-15,Credit Card,784,784,784,784
OID-10785,2792,8,1008,2021-02-14,COD,785,785,785,785
OID-10786,2944,5,249,2024-08-31,Credit Card,786,786,786,786
OID-10787,2944,5,249,2022-12-26,Credit Card,787,787,787,787
OID-10788,4220,13,945,2024-03-21,EMI,788,788,788,788
OID-10789,4220,13,945,2020-12-15,EMI,789,789,789,789
OID-10790,8526,4,1704,2023-03-21,Debit Card,790,790,790,790
OID-10791,8218,19,1430,2023-06-08,Credit Card,791,791,791,791
OID-10792,599,4,265,2022-07-17,Credit Card,792,792,792,792
OID-10793,599,4,265,2024-12-05,Credit Card,793,793,793,793
OID-10794,2727,10,543,2022-07-17,Credit Card,794,794,794,794
OID-10795,2727,10,543,2024-12-05,Credit Card,795,795,795,795
OID-10796,2589,11,605,2023-11-02,EMI,796,796,796,796
OID-10797,2589,11,605,2024-10-05,EMI,797,797,797,797
OID-10798,3776,9,1100,2022-11-13,EMI,798,798,798,798
OID-10799,3776,9,1100,2022-12-28,EMI,799,799,799,799
OID-10800,5402,12,1666,2025-02-26,EMI,800,800,800,800
OID-10801,5165,16,885,2022-11-12,EMI,801,801,801,801
OID-10802,4863,4,2394,2022-11-12,EMI,802,802,802,802
OID-10803,1626,15,258,2021-06-07,EMI,803,803,803,803
OID-10804,8851,7,3962,2020-09-26,EMI,804,804,804,804
OID-10805,9680,9,3295,2024-04-29,COD,805,805,805,805
OID-10806,8468,8,3666,2024-04-29,UPI,806,806,806,806
OID-10807,4441,14,314,2024-04-29,Debit Card,807,807,807,807
OID-10808,6622,8,2673,2024-04-10,COD,808,808,808,808
OID-10809,3260,17,207,2023-12-21,UPI,809,809,809,809
OID-10810,8709,8,2322,2024-05-02,Debit Card,810,810,810,810
OID-10811,8709,8,2322,2024-11-21,Debit Card,811,811,811,811
OID-10812,5250,1,187,2022-03-17,COD,812,812,812,812
OID-10813,5250,1,187,2023-05-14,COD,813,813,813,813
OID-10814,4116,20,921,2024-10-07,UPI,814,814,814,814
OID-10815,4116,20,921,2020-09-08,UPI,815,815,815,815
OID-10816,1109,15,418,2021-08-19,UPI,816,816,816,816
OID-10817,3573,7,562,2022-10-12,EMI,817,817,817,817
OID-10818,3573,7,562,2020-05-23,EMI,818,818,818,818
OID-10819,3573,7,562,2020-04-18,EMI,819,819,819,819
OID-10820,8055,10,661,2022-10-12,EMI,820,820,820,820
OID-10821,8055,10,661,2020-05-23,EMI,821,821,821,821
OID-10822,8055,10,661,2020-04-18,EMI,822,822,822,822
OID-10823,6829,2,2609,2022-06-04,EMI,823,823,823,823
OID-10824,6390,12,3089,2022-06-04,COD,824,824,824,824
OID-10825,5831,17,1574,2022-11-16,Debit Card,825,825,825,825
OID-10826,5831,17,1574,2024-07-18,Debit Card,826,826,826,826
OID-10827,5831,17,1574,2023-07-16,Debit Card,827,827,827,827
OID-10828,7952,8,3865,2020-08-10,Debit Card,828,828,828,828
OID-10829,3659,5,379,2024-06-22,UPI,829,829,829,829
OID-10830,4183,4,1159,2020-07-13,Debit Card,830,830,830,830
OID-10831,7478,11,1381,2024-04-16,EMI,831,831,831,831
OID-10832,702,9,238,2021-03-13,COD,832,832,832,832
OID-10833,4037,15,1494,2023-04-01,EMI,833,833,833,833
OID-10834,5014,2,2332,2020-11-10,COD,834,834,834,834
OID-10835,9879,15,4930,2023-06-08,Debit Card,835,835,835,835
OID-10836,8762,1,3502,2021-08-17,Debit Card,836,836,836,836
OID-10837,8490,1,800,2020-05-24,EMI,837,837,837,837
OID-10838,6951,10,164,2021-08-12,UPI,838,838,838,838
OID-10839,1078,3,309,2022-09-03,Credit Card,839,839,839,839
OID-10840,1078,3,309,2020-10-01,Credit Card,840,840,840,840
OID-10841,8560,19,2166,2022-05-27,EMI,841,841,841,841
OID-10842,1031,20,318,2022-05-27,UPI,842,842,842,842
OID-10843,6402,19,2770,2024-03-10,Debit Card,843,843,843,843
OID-10844,6402,19,2770,2023-10-05,Debit Card,844,844,844,844
OID-10845,5916,19,1594,2024-03-10,Debit Card,845,845,845,845
OID-10846,5916,19,1594,2023-10-05,Debit Card,846,846,846,846
OID-10847,4015,15,1751,2022-08-28,Debit Card,847,847,847,847
OID-10848,4015,15,1751,2020-09-08,Debit Card,848,848,848,848
OID-10849,9335,11,557,2021-04-27,COD,849,849,849,849
OID-10850,4706,11,594,2021-08-21,COD,850,850,850,850
OID-10851,4706,11,594,2021-05-16,COD,851,851,851,851
OID-10852,6584,6,371,2021-08-21,UPI,852,852,852,852
OID-10853,6584,6,371,2021-05-16,UPI,853,853,853,853
OID-10854,6389,1,734,2022-01-15,EMI,854,854,854,854
OID-10855,9869,12,4299,2023-03-21,Debit Card,855,855,855,855
OID-10856,9869,12,4299,2023-12-28,Debit Card,856,856,856,856
OID-10857,655,4,297,2022-02-15,Debit Card,857,857,857,857
OID-10858,655,4,297,2023-11-30,Debit Card,858,858,858,858
OID-10859,798,10,308,2023-01-12,Debit Card,859,859,859,859
OID-10860,798,10,308,2023-05-19,Debit Card,860,860,860,860
OID-10861,7967,13,2504,2023-01-12,EMI,861,861,861,861
OID-10862,7967,13,2504,2023-05-19,EMI,862,862,862,862
OID-10863,3756,5,1318,2024-02-19,UPI,863,863,863,863
OID-10864,5196,1,2477,2021-12-01,UPI,864,864,864,864
OID-10865,6586,19,1794,2021-12-01,Debit Card,865,865,865,865
OID-10866,6673,19,950,2024-12-19,EMI,866,866,866,866
OID-10867,714,14,232,2023-01-18,UPI,867,867,867,867
OID-10868,714,14,232,2020-12-23,UPI,868,868,868,868
OID-10869,1083,6,501,2021-02-28,COD,869,869,869,869
OID-10870,2401,10,1163,2023-05-04,UPI,870,870,870,870
OID-10871,2401,10,1163,2020-04-22,UPI,871,871,871,871
OID-10872,2401,10,1163,2021-08-13,UPI,872,872,872,872
OID-10873,1045,11,267,2023-05-04,Debit Card,873,873,873,873
OID-10874,1045,11,267,2020-04-22,Debit Card,874,874,874,874
OID-10875,1045,11,267,2021-08-13,Debit Card,875,875,875,875
OID-10876,7806,1,1127,2023-07-20,Credit Card,876,876,876,876
OID-10877,5263,19,1743,2022-08-28,Credit Card,877,877,877,877
OID-10878,6147,6,2526,2023-03-14,Debit Card,878,878,878,878
OID-10879,7484,15,2871,2023-11-07,UPI,879,879,879,879
OID-10880,7484,15,2871,2024-04-16,UPI,880,880,880,880
OID-10881,7700,1,2712,2023-11-07,Credit Card,881,881,881,881
OID-10882,7700,1,2712,2024-04-16,Credit Card,882,882,882,882
OID-10883,8537,13,3586,2022-09-16,UPI,883,883,883,883
OID-10884,8858,6,3394,2024-10-31,COD,884,884,884,884
OID-10885,5313,7,2037,2024-11-25,Debit Card,885,885,885,885
OID-10886,5313,7,2037,2021-10-29,Debit Card,886,886,886,886
OID-10887,3281,7,471,2023-12-27,EMI,887,887,887,887
OID-10888,3281,7,471,2023-06-25,EMI,888,888,888,888
OID-10889,8681,9,2458,2020-09-01,Credit Card,889,889,889,889
OID-10890,6195,18,1556,2025-02-01,EMI,890,890,890,890
OID-10891,3877,16,481,2023-07-22,Debit Card,891,891,891,891
OID-10892,3877,16,481,2022-02-04,Debit Card,892,892,892,892
OID-10893,9369,6,3297,2023-09-27,Debit Card,893,893,893,893
OID-10894,9369,6,3297,2025-01-30,Debit Card,894,894,894,894
OID-10895,8680,20,4068,2023-09-27,Credit Card,895,895,895,895
OID-10896,8680,20,4068,2025-01-30,Credit Card,896,896,896,896
OID-10897,3067,8,1475,2023-09-27,UPI,897,897,897,897
OID-10898,3067,8,1475,2025-01-30,UPI,898,898,898,898
OID-10899,9002,2,4197,2025-01-15,EMI,899,899,899,899
OID-10900,9002,2,4197,2021-03-28,EMI,900,900,900,900
OID-10901,7105,19,2782,2021-12-25,COD,901,901,901,901
OID-10902,5317,18,1345,2023-02-03,Debit Card,902,902,902,902
OID-10903,5317,18,1345,2023-04-28,Debit Card,903,903,903,903
OID-10904,5317,18,1345,2024-11-22,Debit Card,904,904,904,904
OID-10905,6304,14,766,2023-02-03,EMI,905,905,905,905
OID-10906,6304,14,766,2023-04-28,EMI,906,906,906,906
OID-10907,6304,14,766,2024-11-22,EMI,907,907,907,907
OID-10908,9565,3,1691,2024-07-02,Debit Card,908,908,908,908
OID-10909,8245,11,324,2024-07-02,EMI,909,909,909,909
OID-10910,1592,13,480,2022-01-18,Debit Card,910,910,910,910
OID-10911,8400,5,267,2024-10-08,Debit Card,911,911,911,911
OID-10912,4963,15,1254,2024-10-08,EMI,912,912,912,912
OID-10913,2472,5,211,2020-06-21,COD,913,913,913,913
OID-10914,9132,14,3096,2023-12-14,Debit Card,914,914,914,914
OID-10915,8305,6,1577,2020-12-16,Debit Card,915,915,915,915
OID-10916,1010,19,58,2025-03-15,COD,916,916,916,916
OID-10917,4544,9,1726,2024-08-21,EMI,917,917,917,917
OID-10918,5900,20,1738,2024-08-21,UPI,918,918,918,918
OID-10919,8861,19,3381,2021-05-27,Credit Card,919,919,919,919
OID-10920,8158,13,2052,2020-09-21,Debit Card,920,920,920,920
OID-10921,3411,14,1704,2025-01-11,UPI,921,921,921,921
OID-10922,9406,16,1137,2021-10-20,UPI,922,922,922,922
OID-10923,1156,15,74,2021-10-20,EMI,923,923,923,923
OID-10924,5354,10,743,2021-10-19,UPI,924,924,924,924
OID-10925,8780,4,3430,2024-07-07,Credit Card,925,925,925,925
OID-10926,8780,4,3430,2023-07-25,Credit Card,926,926,926,926
OID-10927,6783,8,3306,2020-04-16,Debit Card,927,927,927,927
OID-10928,1778,4,285,2020-07-04,Credit Card,928,928,928,928
OID-10929,9399,12,1949,2022-05-16,UPI,929,929,929,929
OID-10930,7957,4,965,2022-05-16,Credit Card,930,930,930,930
OID-10931,1638,13,661,2023-11-25,EMI,931,931,931,931
OID-10932,1786,4,224,2021-08-17,COD,932,932,932,932
OID-10933,4751,9,781,2023-07-02,EMI,933,933,933,933
OID-10934,8979,4,4477,2020-08-24,Credit Card,934,934,934,934
OID-10935,2727,8,663,2022-11-07,Credit Card,935,935,935,935
OID-10936,1093,17,397,2024-03-27,Credit Card,936,936,936,936
OID-10937,1093,17,397,2024-09-01,Credit Card,937,937,937,937
OID-10938,1093,17,397,2022-02-22,Credit Card,938,938,938,938
OID-10939,2636,11,88,2024-03-27,Debit Card,939,939,939,939
OID-10940,2636,11,88,2024-09-01,Debit Card,940,940,940,940
OID-10941,2636,11,88,2022-02-22,Debit Card,941,941,941,941
OID-10942,7344,7,2251,2022-02-11,Debit Card,942,942,942,942
OID-10943,7306,3,1547,2022-02-11,COD,943,943,943,943
OID-10944,5832,10,2588,2022-02-11,COD,944,944,944,944
OID-10945,8572,8,2041,2021-05-27,EMI,945,945,945,945
OID-10946,8572,8,2041,2023-07-05,EMI,946,946,946,946
OID-10947,8572,8,2041,2020-10-27,EMI,947,947,947,947
OID-10948,8059,10,1834,2021-05-27,Credit Card,948,948,948,948
OID-10949,8059,10,1834,2023-07-05,Credit Card,949,949,949,949
OID-10950,8059,10,1834,2020-10-27,Credit Card,950,950,950,950
OID-10951,3661,13,436,2023-01-26,EMI,951,951,951,951
OID-10952,2451,8,342,2021-09-06,EMI,952,952,952,952
OID-10953,2451,8,342,2021-11-12,EMI,953,953,953,953
OID-10954,2451,8,342,2024-07-30,EMI,954,954,954,954
OID-10955,7067,16,1943,2022-03-15,Credit Card,955,955,955,955
OID-10956,4307,3,615,2024-03-15,UPI,956,956,956,956
OID-10957,4307,3,615,2020-11-10,UPI,957,957,957,957
OID-10958,5694,5,1134,2024-03-15,EMI,958,958,958,958
OID-10959,5694,5,1134,2020-11-10,EMI,959,959,959,959
OID-10960,962,18,298,2022-07-23,Credit Card,960,960,960,960
OID-10961,2995,14,220,2024-09-13,Credit Card,961,961,961,961
OID-10962,2047,5,914,2024-09-13,Debit Card,962,962,962,962
OID-10963,2078,6,612,2022-01-25,COD,963,963,963,963
OID-10964,2737,3,1253,2021-04-19,EMI,964,964,964,964
OID-10965,8194,6,2881,2021-07-18,Debit Card,965,965,965,965
OID-10966,9914,16,3858,2022-06-24,Credit Card,966,966,966,966
OID-10967,9914,16,3858,2024-06-08,Credit Card,967,967,967,967
OID-10968,5470,7,292,2022-06-24,Debit Card,968,968,968,968
OID-10969,5470,7,292,2024-06-08,Debit Card,969,969,969,969
OID-10970,1496,17,662,2022-06-24,UPI,970,970,970,970
OID-10971,1496,17,662,2024-06-08,UPI,971,971,971,971
OID-10972,3228,9,476,2022-09-29,COD,972,972,972,972
OID-10973,3918,8,749,2023-05-10,Credit Card,973,973,973,973
OID-10974,3918,8,749,2020-05-02,Credit Card,974,974,974,974
OID-10975,9921,15,1451,2021-04-12,EMI,975,975,975,975
OID-10976,9694,1,4361,2023-11-04,EMI,976,976,976,976
OID-10977,5028,13,1553,2020-05-04,EMI,977,977,977,977
OID-10978,594,19,67,2023-09-10,Debit Card,978,978,978,978
OID-10979,594,19,67,2024-01-05,Debit Card,979,979,979,979
OID-10980,594,19,67,2024-05-08,Debit Card,980,980,980,980
OID-10981,5954,11,2618,2024-03-30,COD,981,981,981,981
OID-10982,3518,3,1051,2020-09-10,UPI,982,982,982,982
OID-10983,4157,8,1874,2020-09-10,EMI,983,983,983,983
OID-10984,3747,5,410,2020-07-12,Credit Card,984,984,984,984
OID-10985,3747,5,410,2022-12-08,Credit Card,985,985,985,985
OID-10986,3747,5,410,2024-03-27,Credit Card,986,986,986,986
OID-10987,3747,5,410,2023-02-17,Credit Card,987,987,987,987
OID-10988,3747,5,410,2021-07-21,Credit Card,988,988,988,988
OID-10989,3194,4,534,2020-07-12,UPI,989,989,989,989
OID-10990,3194,4,534,2022-12-08,UPI,990,990,990,990
OID-10991,3194,4,534,2024-03-27,UPI,991,991,991,991
OID-10992,3194,4,534,2023-02-17,UPI,992,992,992,992
OID-10993,3194,4,534,2021-07-21,UPI,993,993,993,993
OID-10994,8548,1,2305,2022-10-30,COD,994,994,994,994
OID-10995,6089,19,139,2020-12-31,Debit Card,995,995,995,995
OID-10996,6089,19,139,2022-04-15,Debit Card,996,996,996,996
OID-10997,6089,19,139,2023-04-05,Debit Card,997,997,997,997
OID-10998,2586,16,800,2020-12-31,UPI,998,998,998,998
OID-10999,2586,16,800,2022-04-15,UPI,999,999,999,999
OID-11000,2586,16,800,2023-04-05,UPI,1000,1000,1000,1000
OID-11001,3757,9,1626,2020-12-31,UPI,1001,1001,1001,1001
OID-11002,3757,9,1626,2022-04-15,UPI,1002,1002,1002,1002
OID-11003,3757,9,1626,2023-04-05,UPI,1003,1003,1003,1003
OID-11004,5193,5,2530,2021-10-29,Debit Card,1004,1004,1004,1004
OID-11005,5193,5,2530,2024-12-29,Debit Card,1005,1005,1005,1005
OID-11006,7493,3,96,2020-08-11,UPI,1006,1006,1006,1006
OID-11007,2062,6,848,2024-03-04,Credit Card,1007,1007,1007,1007
OID-11008,7163,1,1536,2023-10-17,EMI,1008,1008,1008,1008
OID-11009,4026,6,163,2023-07-28,COD,1009,1009,1009,1009
OID-11010,1894,5,275,2021-11-27,Credit Card,1010,1010,1010,1010
OID-11011,7144,13,192,2021-11-27,Credit Card,1011,1011,1011,1011
OID-11012,3482,15,1554,2020-09-09,Debit Card,1012,1012,1012,1012
OID-11013,4172,5,235,2021-06-02,EMI,1013,1013,1013,1013
OID-11014,4172,5,235,2022-08-22,EMI,1014,1014,1014,1014
OID-11015,4172,5,235,2024-04-16,EMI,1015,1015,1015,1015
OID-11016,6265,8,155,2022-08-23,COD,1016,1016,1016,1016
OID-11017,6265,8,155,2021-03-12,COD,1017,1017,1017,1017
OID-11018,2931,7,212,2024-06-26,Credit Card,1018,1018,1018,1018
OID-11019,2931,7,212,2023-12-08,Credit Card,1019,1019,1019,1019
OID-11020,1146,9,188,2024-11-27,Debit Card,1020,1020,1020,1020
OID-11021,9215,13,767,2022-01-10,COD,1021,1021,1021,1021
OID-11022,9215,13,767,2021-11-01,COD,1022,1022,1022,1022
OID-11023,7895,1,1005,2023-10-28,Credit Card,1023,1023,1023,1023
OID-11024,7895,1,1005,2025-03-01,Credit Card,1024,1024,1024,1024
OID-11025,2740,8,558,2023-10-28,UPI,1025,1025,1025,1025
OID-11026,2740,8,558,2025-03-01,UPI,1026,1026,1026,1026
OID-11027,5338,16,1354,2024-08-01,UPI,1027,1027,1027,1027
OID-11028,5338,16,1354,2023-06-07,UPI,1028,1028,1028,1028
OID-11029,5338,16,1354,2024-10-21,UPI,1029,1029,1029,1029
OID-11030,5338,16,1354,2021-01-04,UPI,1030,1030,1030,1030
OID-11031,3095,2,941,2022-04-19,EMI,1031,1031,1031,1031
OID-11032,3095,2,941,2022-08-11,EMI,1032,1032,1032,1032
OID-11033,6017,13,2230,2023-08-04,Debit Card,1033,1033,1033,1033
OID-11034,4904,2,469,2020-04-25,Debit Card,1034,1034,1034,1034
OID-11035,3080,6,737,2020-04-25,UPI,1035,1035,1035,1035
OID-11036,1992,2,355,2024-12-14,COD,1036,1036,1036,1036
OID-11037,5346,17,1246,2022-07-25,EMI,1037,1037,1037,1037
OID-11038,5346,17,1246,2022-05-07,EMI,1038,1038,1038,1038
OID-11039,8422,18,893,2022-08-11,Debit Card,1039,1039,1039,1039
OID-11040,8422,18,893,2022-08-12,Debit Card,1040,1040,1040,1040
OID-11041,6105,8,1447,2022-08-11,Credit Card,1041,1041,1041,1041
OID-11042,6105,8,1447,2022-08-12,Credit Card,1042,1042,1042,1042
OID-11043,670,9,85,2023-08-21,EMI,1043,1043,1043,1043
OID-11044,4057,6,1012,2022-09-12,Credit Card,1044,1044,1044,1044
OID-11045,8178,10,2462,2023-08-20,UPI,1045,1045,1045,1045
OID-11046,8752,9,1686,2020-12-27,Debit Card,1046,1046,1046,1046
OID-11047,8752,9,1686,2023-09-04,Debit Card,1047,1047,1047,1047
OID-11048,8752,9,1686,2022-01-08,Debit Card,1048,1048,1048,1048
OID-11049,8974,16,4441,2023-06-05,EMI,1049,1049,1049,1049
OID-11050,9090,16,3098,2021-04-01,Credit Card,1050,1050,1050,1050
OID-11051,9090,16,3098,2024-05-28,Credit Card,1051,1051,1051,1051
OID-11052,851,11,356,2021-04-01,Credit Card,1052,1052,1052,1052
OID-11053,851,11,356,2024-05-28,Credit Card,1053,1053,1053,1053
OID-11054,5427,3,728,2023-03-09,UPI,1054,1054,1054,1054
OID-11055,2695,15,914,2022-07-28,Debit Card,1055,1055,1055,1055
OID-11056,2695,15,914,2021-06-17,Debit Card,1056,1056,1056,1056
OID-11057,2386,3,999,2024-02-13,COD,1057,1057,1057,1057
OID-11058,2284,20,149,2021-08-06,Debit Card,1058,1058,1058,1058
OID-11059,6034,8,608,2022-05-01,EMI,1059,1059,1059,1059
OID-11060,8956,13,3359,2022-05-01,Credit Card,1060,1060,1060,1060
OID-11061,7122,7,1982,2024-03-11,EMI,1061,1061,1061,1061
OID-11062,9775,5,4507,2020-07-06,UPI,1062,1062,1062,1062
OID-11063,3309,13,177,2020-12-17,EMI,1063,1063,1063,1063
OID-11064,4163,14,897,2022-08-30,COD,1064,1064,1064,1064
OID-11065,4163,14,897,2025-02-27,COD,1065,1065,1065,1065
OID-11066,4163,14,897,2021-06-05,COD,1066,1066,1066,1066
OID-11067,5518,7,867,2022-12-22,UPI,1067,1067,1067,1067
OID-11068,7566,6,606,2025-01-25,Debit Card,1068,1068,1068,1068
OID-11069,7566,6,606,2025-02-14,Debit Card,1069,1069,1069,1069
OID-11070,762,11,92,2023-01-06,COD,1070,1070,1070,1070
OID-11071,3316,6,126,2020-10-11,COD,1071,1071,1071,1071
OID-11072,5994,9,2826,2023-05-24,EMI,1072,1072,1072,1072
OID-11073,5994,9,2826,2024-03-12,EMI,1073,1073,1073,1073
OID-11074,5994,9,2826,2024-03-17,EMI,1074,1074,1074,1074
OID-11075,3854,19,245,2022-05-17,COD,1075,1075,1075,1075
OID-11076,7019,15,2677,2020-12-21,UPI,1076,1076,1076,1076
OID-11077,5954,14,2640,2021-08-24,Credit Card,1077,1077,1077,1077
OID-11078,5954,14,2640,2022-10-22,Credit Card,1078,1078,1078,1078
OID-11079,9752,5,3618,2024-02-21,Debit Card,1079,1079,1079,1079
OID-11080,9752,5,3618,2022-10-31,Debit Card,1080,1080,1080,1080
OID-11081,5335,15,322,2022-05-15,COD,1081,1081,1081,1081
OID-11082,1454,20,80,2022-07-22,Credit Card,1082,1082,1082,1082
OID-11083,6724,19,1539,2021-12-13,COD,1083,1083,1083,1083
OID-11084,6724,19,1539,2021-06-03,COD,1084,1084,1084,1084
OID-11085,9874,4,3895,2025-02-24,EMI,1085,1085,1085,1085
OID-11086,4918,7,1485,2023-02-02,UPI,1086,1086,1086,1086
OID-11087,3189,19,1180,2021-12-31,Credit Card,1087,1087,1087,1087
OID-11088,2684,2,713,2024-06-15,UPI,1088,1088,1088,1088
OID-11089,2684,2,713,2022-06-05,UPI,1089,1089,1089,1089
OID-11090,2684,2,713,2020-05-11,UPI,1090,1090,1090,1090
OID-11091,7626,5,229,2024-02-11,EMI,1091,1091,1091,1091
OID-11092,7626,5,229,2020-11-25,EMI,1092,1092,1092,1092
OID-11093,6669,19,3063,2023-08-12,UPI,1093,1093,1093,1093
OID-11094,6123,3,1686,2022-05-06,Credit Card,1094,1094,1094,1094
OID-11095,3265,16,1390,2024-01-17,Credit Card,1095,1095,1095,1095
OID-11096,8104,6,1039,2021-11-24,COD,1096,1096,1096,1096
OID-11097,8104,6,1039,2021-10-06,COD,1097,1097,1097,1097
OID-11098,8104,6,1039,2025-01-27,COD,1098,1098,1098,1098
OID-11099,847,17,355,2022-05-23,COD,1099,1099,1099,1099
OID-11100,847,17,355,2023-11-28,COD,1100,1100,1100,1100
OID-11101,847,17,355,2023-01-18,COD,1101,1101,1101,1101
OID-11102,3129,9,55,2021-09-06,Debit Card,1102,1102,1102,1102
OID-11103,7821,13,3821,2021-09-06,EMI,1103,1103,1103,1103
OID-11104,9498,12,256,2021-02-22,COD,1104,1104,1104,1104
OID-11105,9498,12,256,2021-10-06,COD,1105,1105,1105,1105
OID-11106,5461,7,1214,2020-06-07,Credit Card,1106,1106,1106,1106
OID-11107,3084,19,611,2024-05-21,UPI,1107,1107,1107,1107
OID-11108,6087,1,3043,2020-08-05,COD,1108,1108,1108,1108
OID-11109,611,3,300,2020-10-15,Credit Card,1109,1109,1109,1109
OID-11110,9909,18,2999,2021-05-15,COD,1110,1110,1110,1110
OID-11111,9909,18,2999,2022-01-13,COD,1111,1111,1111,1111
OID-11112,6485,18,3178,2023-07-18,UPI,1112,1112,1112,1112
OID-11113,7259,10,1969,2022-12-08,Credit Card,1113,1113,1113,1113
OID-11114,3333,18,700,2023-04-17,COD,1114,1114,1114,1114
OID-11115,7786,4,1202,2020-06-23,EMI,1115,1115,1115,1115
OID-11116,7644,6,2428,2022-01-20,Debit Card,1116,1116,1116,1116
OID-11117,1476,5,247,2023-11-18,COD,1117,1117,1117,1117
OID-11118,1476,5,247,2022-01-19,COD,1118,1118,1118,1118
OID-11119,3445,16,1405,2020-09-21,EMI,1119,1119,1119,1119
OID-11120,9837,1,384,2020-09-21,UPI,1120,1120,1120,1120
OID-11121,1314,8,457,2021-06-11,EMI,1121,1121,1121,1121
OID-11122,5951,6,936,2024-08-07,Debit Card,1122,1122,1122,1122
OID-11123,5951,6,936,2022-07-26,Debit Card,1123,1123,1123,1123
OID-11124,992,6,177,2024-01-13,UPI,1124,1124,1124,1124
OID-11125,4699,18,625,2024-01-13,EMI,1125,1125,1125,1125
OID-11126,5557,17,2114,2021-05-28,EMI,1126,1126,1126,1126
OID-11127,3436,3,933,2021-06-13,Credit Card,1127,1127,1127,1127
OID-11128,9840,11,3870,2023-04-25,Debit Card,1128,1128,1128,1128
OID-11129,7620,4,125,2021-07-05,EMI,1129,1129,1129,1129
OID-11130,7620,4,125,2024-10-12,EMI,1130,1130,1130,1130
OID-11131,4314,5,1591,2021-10-04,Debit Card,1131,1131,1131,1131
OID-11132,8851,12,999,2024-02-07,UPI,1132,1132,1132,1132
OID-11133,544,2,272,2021-03-05,Debit Card,1133,1133,1133,1133
OID-11134,544,2,272,2023-06-25,Debit Card,1134,1134,1134,1134
OID-11135,537,20,142,2021-08-02,EMI,1135,1135,1135,1135
OID-11136,5944,7,2661,2022-03-17,EMI,1136,1136,1136,1136
OID-11137,2258,18,135,2024-02-07,Credit Card,1137,1137,1137,1137
OID-11138,2258,18,135,2022-08-19,Credit Card,1138,1138,1138,1138
OID-11139,9609,3,4339,2024-09-19,Debit Card,1139,1139,1139,1139
OID-11140,9609,3,4339,2020-04-05,Debit Card,1140,1140,1140,1140
OID-11141,9952,15,3301,2023-03-10,Debit Card,1141,1141,1141,1141
OID-11142,9873,7,4585,2020-08-10,Credit Card,1142,1142,1142,1142
OID-11143,3560,15,1335,2020-04-29,COD,1143,1143,1143,1143
OID-11144,3560,15,1335,2023-03-16,COD,1144,1144,1144,1144
OID-11145,6528,9,76,2020-05-04,Debit Card,1145,1145,1145,1145
OID-11146,8930,12,3374,2020-05-04,Debit Card,1146,1146,1146,1146
OID-11147,4521,9,1778,2024-10-15,Debit Card,1147,1147,1147,1147
OID-11148,7091,10,2317,2022-06-09,Credit Card,1148,1148,1148,1148
OID-11149,2101,8,287,2020-07-04,COD,1149,1149,1149,1149
OID-11150,2101,8,287,2023-04-09,COD,1150,1150,1150,1150
OID-11151,8644,9,1968,2023-11-24,Debit Card,1151,1151,1151,1151
OID-11152,6672,4,3319,2023-11-29,UPI,1152,1152,1152,1152
OID-11153,6672,4,3319,2024-05-20,UPI,1153,1153,1153,1153
OID-11154,4699,12,103,2024-05-21,UPI,1154,1154,1154,1154
OID-11155,4897,14,1001,2021-12-07,Debit Card,1155,1155,1155,1155
OID-11156,4897,14,1001,2025-01-06,Debit Card,1156,1156,1156,1156
OID-11157,5460,14,2088,2022-07-13,Debit Card,1157,1157,1157,1157
OID-11158,5460,14,2088,2020-04-19,Debit Card,1158,1158,1158,1158
OID-11159,9272,19,1771,2024-11-14,UPI,1159,1159,1159,1159
OID-11160,9272,19,1771,2020-04-18,UPI,1160,1160,1160,1160
OID-11161,7870,15,1057,2023-10-18,Credit Card,1161,1161,1161,1161
OID-11162,7870,15,1057,2021-03-21,Credit Card,1162,1162,1162,1162
OID-11163,7992,12,893,2024-09-13,Credit Card,1163,1163,1163,1163
OID-11164,7992,12,893,2023-05-04,Credit Card,1164,1164,1164,1164
OID-11165,7992,12,893,2023-05-31,Credit Card,1165,1165,1165,1165
OID-11166,6499,18,2189,2024-06-15,EMI,1166,1166,1166,1166
OID-11167,6499,18,2189,2021-04-03,EMI,1167,1167,1167,1167
OID-11168,8848,9,2090,2025-01-14,Debit Card,1168,1168,1168,1168
OID-11169,8044,3,3634,2020-12-24,COD,1169,1169,1169,1169
OID-11170,8044,3,3634,2022-10-07,COD,1170,1170,1170,1170
OID-11171,7417,16,1334,2021-10-05,COD,1171,1171,1171,1171
OID-11172,3451,3,658,2024-12-28,UPI,1172,1172,1172,1172
OID-11173,8531,4,2555,2022-05-14,EMI,1173,1173,1173,1173
OID-11174,6646,15,848,2023-08-19,Debit Card,1174,1174,1174,1174
OID-11175,6646,15,848,2023-07-14,Debit Card,1175,1175,1175,1175
OID-11176,2553,6,907,2023-06-22,Credit Card,1176,1176,1176,1176
OID-11177,8490,3,3485,2023-03-21,Credit Card,1177,1177,1177,1177
OID-11178,2689,3,1330,2020-12-13,UPI,1178,1178,1178,1178
OID-11179,2689,3,1330,2024-05-29,UPI,1179,1179,1179,1179
OID-11180,815,14,54,2021-05-25,Debit Card,1180,1180,1180,1180
OID-11181,5024,2,379,2024-04-02,UPI,1181,1181,1181,1181
OID-11182,5024,2,379,2022-12-03,UPI,1182,1182,1182,1182
OID-11183,8962,18,2444,2021-07-12,Debit Card,1183,1183,1183,1183
OID-11184,8962,18,2444,2020-03-22,Debit Card,1184,1184,1184,1184
OID-11185,1961,12,59,2020-08-09,UPI,1185,1185,1185,1185
OID-11186,526,4,83,2022-02-18,Credit Card,1186,1186,1186,1186
OID-11187,6093,9,3042,2021-06-14,Debit Card,1187,1187,1187,1187
OID-11188,6093,9,3042,2021-03-01,Debit Card,1188,1188,1188,1188
OID-11189,7699,5,246,2023-09-23,Debit Card,1189,1189,1189,1189
OID-11190,8825,15,3594,2024-07-31,Debit Card,1190,1190,1190,1190
OID-11191,2082,8,642,2020-06-02,EMI,1191,1191,1191,1191
OID-11192,2082,8,642,2022-12-15,EMI,1192,1192,1192,1192
OID-11193,2082,8,642,2020-08-07,EMI,1193,1193,1193,1193
OID-11194,914,13,163,2024-10-26,UPI,1194,1194,1194,1194
