Products_ID,Category,Sub-Category
1,Electronics,Electronic Games
2,Electronics,Electronic Games
3,Electronics,Electronic Games
4,Electronics,Printers
5,Electronics,Printers
6,Electronics,Printers
7,Office Supplies,Pens
8,Office Supplies,Pens
9,Electronics,Laptops
10,Furniture,Tables
11,Furniture,Chairs
12,Office Supplies,Pens
13,Office Supplies,Markers
14,Furniture,Sofas
15,Furniture,Tables
16,Office Supplies,Pens
17,Office Supplies,Paper
18,Office Supplies,Paper
19,Furniture,Tables
20,Office Supplies,Paper
21,Office Supplies,Paper
22,Office Supplies,Binders
23,Office Supplies,Binders
24,Electronics,Phones
25,Office Supplies,Binders
26,Office Supplies,Paper
27,Electronics,Electronic Games
28,Office Supplies,Binders
29,Office Supplies,Binders
30,Office Supplies,Pens
31,Office Supplies,Pens
32,Office Supplies,Paper
33,Office Supplies,Pens
34,Electronics,Phones
35,Electronics,Phones
36,Furniture,Bookcases
37,Furniture,Bookcases
38,Furniture,Sofas
39,Furniture,Tables
40,Office Supplies,Markers
41,Office Supplies,Pens
42,Electronics,Electronic Games
43,Office Supplies,Binders
44,Office Supplies,Binders
45,Office Supplies,Binders
46,Electronics,Phones
47,Electronics,Phones
48,Electronics,Phones
49,Furniture,Tables
50,Furniture,Tables
51,Furniture,Tables
52,Furniture,Tables
53,Electronics,Printers
54,Electronics,Printers
55,Electronics,Printers
56,Electronics,Printers
57,Furniture,Tables
58,Furniture,Sofas
59,Furniture,Tables
60,Furniture,Tables
61,Furniture,Chairs
62,Furniture,Chairs
63,Furniture,Sofas
64,Furniture,Sofas
65,Furniture,Tables
66,Furniture,Tables
67,Furniture,Tables
68,Office Supplies,Paper
69,Office Supplies,Paper
70,Furniture,Sofas
71,Furniture,Sofas
72,Electronics,Phones
73,Electronics,Phones
74,Office Supplies,Pens
75,Office Supplies,Pens
76,Office Supplies,Pens
77,Office Supplies,Binders
78,Furniture,Bookcases
79,Furniture,Bookcases
80,Furniture,Tables
81,Office Supplies,Binders
82,Electronics,Electronic Games
83,Furniture,Sofas
84,Electronics,Phones
85,Electronics,Phones
86,Office Supplies,Pens
87,Office Supplies,Pens
88,Office Supplies,Markers
89,Office Supplies,Pens
90,Electronics,Electronic Games
91,Electronics,Electronic Games
92,Electronics,Electronic Games
93,Furniture,Chairs
94,Furniture,Chairs
95,Furniture,Bookcases
96,Electronics,Printers
97,Furniture,Tables
98,Furniture,Tables
99,Furniture,Chairs
100,Office Supplies,Markers
101,Office Supplies,Markers
102,Furniture,Chairs
103,Furniture,Chairs
104,Furniture,Sofas
105,Electronics,Printers
106,Electronics,Laptops
107,Electronics,Laptops
108,Furniture,Tables
109,Furniture,Tables
110,Electronics,Laptops
111,Electronics,Laptops
112,Furniture,Sofas
113,Electronics,Phones
114,Electronics,Phones
115,Electronics,Phones
116,Electronics,Phones
117,Furniture,Bookcases
118,Furniture,Bookcases
119,Furniture,Bookcases
120,Furniture,Bookcases
121,Office Supplies,Pens
122,Office Supplies,Pens
123,Office Supplies,Pens
124,Office Supplies,Binders
125,Office Supplies,Binders
126,Office Supplies,Binders
127,Electronics,Printers
128,Electronics,Printers
129,Furniture,Chairs
130,Furniture,Chairs
131,Office Supplies,Paper
132,Furniture,Sofas
133,Furniture,Chairs
134,Electronics,Electronic Games
135,Office Supplies,Binders
136,Electronics,Phones
137,Furniture,Tables
138,Furniture,Sofas
139,Electronics,Laptops
140,Office Supplies,Binders
141,Office Supplies,Binders
142,Office Supplies,Binders
143,Office Supplies,Binders
144,Office Supplies,Binders
145,Office Supplies,Binders
146,Office Supplies,Markers
147,Furniture,Tables
148,Office Supplies,Paper
149,Office Supplies,Paper
150,Furniture,Chairs
151,Office Supplies,Binders
152,Office Supplies,Pens
153,Office Supplies,Pens
154,Electronics,Phones
155,Electronics,Phones
156,Furniture,Tables
157,Furniture,Tables
158,Furniture,Sofas
159,Furniture,Sofas
160,Furniture,Sofas
161,Furniture,Sofas
162,Electronics,Laptops
163,Furniture,Tables
164,Furniture,Tables
165,Furniture,Tables
166,Office Supplies,Markers
167,Office Supplies,Markers
168,Office Supplies,Markers
169,Furniture,Bookcases
170,Furniture,Bookcases
171,Furniture,Bookcases
172,Furniture,Sofas
173,Furniture,Sofas
174,Furniture,Bookcases
175,Office Supplies,Paper
176,Office Supplies,Paper
177,Furniture,Tables
178,Furniture,Tables
179,Furniture,Chairs
180,Office Supplies,Binders
181,Electronics,Printers
182,Office Supplies,Paper
183,Electronics,Phones
184,Furniture,Tables
185,Office Supplies,Binders
186,Office Supplies,Markers
187,Office Supplies,Paper
188,Furniture,Tables
189,Office Supplies,Pens
190,Office Supplies,Paper
191,Office Supplies,Paper
192,Office Supplies,Paper
193,Office Supplies,Paper
194,Office Supplies,Paper
195,Office Supplies,Paper
196,Electronics,Printers
197,Furniture,Sofas
198,Electronics,Printers
199,Office Supplies,Pens
200,Electronics,Laptops
201,Electronics,Phones
202,Electronics,Phones
203,Electronics,Phones
204,Furniture,Tables
205,Furniture,Tables
206,Furniture,Tables
207,Electronics,Printers
208,Electronics,Printers
209,Electronics,Printers
210,Furniture,Sofas
211,Furniture,Sofas
212,Furniture,Sofas
213,Office Supplies,Markers
214,Furniture,Tables
215,Furniture,Bookcases
216,Furniture,Bookcases
217,Furniture,Bookcases
218,Furniture,Sofas
219,Furniture,Sofas
220,Furniture,Sofas
221,Furniture,Sofas
222,Furniture,Sofas
223,Electronics,Electronic Games
224,Office Supplies,Binders
225,Office Supplies,Binders
226,Furniture,Tables
227,Electronics,Phones
228,Office Supplies,Paper
229,Electronics,Printers
230,Electronics,Printers
231,Electronics,Printers
232,Office Supplies,Markers
233,Office Supplies,Markers
234,Office Supplies,Pens
235,Electronics,Printers
236,Electronics,Electronic Games
237,Office Supplies,Markers
238,Office Supplies,Markers
239,Furniture,Sofas
240,Electronics,Electronic Games
241,Electronics,Laptops
242,Electronics,Electronic Games
243,Office Supplies,Pens
244,Office Supplies,Paper
245,Furniture,Tables
246,Electronics,Laptops
247,Electronics,Electronic Games
248,Electronics,Electronic Games
249,Electronics,Electronic Games
250,Furniture,Tables
251,Furniture,Tables
252,Furniture,Tables
253,Furniture,Tables
254,Furniture,Tables
255,Furniture,Tables
256,Office Supplies,Paper
257,Electronics,Phones
258,Electronics,Electronic Games
259,Electronics,Electronic Games
260,Furniture,Bookcases
261,Furniture,Chairs
262,Furniture,Chairs
263,Furniture,Chairs
264,Furniture,Chairs
265,Electronics,Electronic Games
266,Office Supplies,Markers
267,Electronics,Phones
268,Electronics,Phones
269,Electronics,Printers
270,Electronics,Printers
271,Office Supplies,Markers
272,Office Supplies,Markers
273,Office Supplies,Markers
274,Electronics,Printers
275,Office Supplies,Paper
276,Office Supplies,Markers
277,Office Supplies,Markers
278,Electronics,Printers
279,Office Supplies,Markers
280,Office Supplies,Pens
281,Furniture,Sofas
282,Electronics,Phones
283,Furniture,Sofas
284,Furniture,Bookcases
285,Electronics,Electronic Games
286,Electronics,Laptops
287,Furniture,Sofas
288,Electronics,Electronic Games
289,Office Supplies,Markers
290,Office Supplies,Markers
291,Office Supplies,Pens
292,Office Supplies,Pens
293,Furniture,Sofas
294,Furniture,Sofas
295,Electronics,Printers
296,Electronics,Printers
297,Office Supplies,Paper
298,Office Supplies,Paper
299,Furniture,Bookcases
300,Furniture,Bookcases
301,Office Supplies,Binders
302,Office Supplies,Paper
303,Electronics,Laptops
304,Electronics,Laptops
305,Electronics,Electronic Games
306,Electronics,Electronic Games
307,Furniture,Bookcases
308,Electronics,Printers
309,Office Supplies,Paper
310,Office Supplies,Paper
311,Office Supplies,Pens
312,Electronics,Laptops
313,Furniture,Tables
314,Office Supplies,Pens
315,Office Supplies,Pens
316,Electronics,Phones
317,Electronics,Phones
318,Office Supplies,Pens
319,Office Supplies,Pens
320,Electronics,Electronic Games
321,Furniture,Bookcases
322,Electronics,Electronic Games
323,Electronics,Laptops
324,Furniture,Sofas
325,Office Supplies,Pens
326,Furniture,Tables
327,Furniture,Bookcases
328,Electronics,Laptops
329,Electronics,Laptops
330,Office Supplies,Paper
331,Office Supplies,Paper
332,Furniture,Sofas
333,Furniture,Sofas
334,Furniture,Chairs
335,Furniture,Sofas
336,Office Supplies,Paper
337,Furniture,Sofas
338,Furniture,Tables
339,Office Supplies,Binders
340,Office Supplies,Pens
341,Office Supplies,Binders
342,Furniture,Sofas
343,Electronics,Laptops
344,Electronics,Laptops
345,Office Supplies,Binders
346,Electronics,Laptops
347,Electronics,Printers
348,Furniture,Chairs
349,Furniture,Bookcases
350,Office Supplies,Pens
351,Electronics,Electronic Games
352,Electronics,Laptops
353,Electronics,Electronic Games
354,Furniture,Sofas
355,Electronics,Laptops
356,Electronics,Laptops
357,Electronics,Laptops
358,Furniture,Sofas
359,Furniture,Sofas
360,Furniture,Sofas
361,Furniture,Chairs
362,Furniture,Chairs
363,Furniture,Chairs
364,Electronics,Phones
365,Electronics,Phones
366,Electronics,Phones
367,Office Supplies,Paper
368,Electronics,Printers
369,Furniture,Tables
370,Electronics,Laptops
371,Electronics,Laptops
372,Furniture,Tables
373,Furniture,Tables
374,Furniture,Bookcases
375,Furniture,Tables
376,Office Supplies,Pens
377,Office Supplies,Pens
378,Office Supplies,Pens
379,Office Supplies,Paper
380,Office Supplies,Pens
381,Electronics,Printers
382,Electronics,Printers
383,Electronics,Printers
384,Electronics,Printers
385,Electronics,Printers
386,Furniture,Chairs
387,Electronics,Electronic Games
388,Office Supplies,Pens
389,Electronics,Electronic Games
390,Furniture,Sofas
391,Electronics,Electronic Games
392,Office Supplies,Binders
393,Office Supplies,Pens
394,Office Supplies,Markers
395,Office Supplies,Markers
396,Electronics,Printers
397,Furniture,Bookcases
398,Office Supplies,Pens
399,Office Supplies,Pens
400,Office Supplies,Binders
401,Electronics,Laptops
402,Electronics,Phones
403,Furniture,Bookcases
404,Electronics,Laptops
405,Furniture,Bookcases
406,Electronics,Phones
407,Furniture,Sofas
408,Furniture,Sofas
409,Furniture,Sofas
410,Electronics,Phones
411,Furniture,Bookcases
412,Office Supplies,Pens
413,Electronics,Electronic Games
414,Office Supplies,Markers
415,Electronics,Phones
416,Electronics,Laptops
417,Electronics,Laptops
418,Electronics,Laptops
419,Electronics,Electronic Games
420,Office Supplies,Paper
421,Office Supplies,Paper
422,Office Supplies,Paper
423,Office Supplies,Pens
424,Office Supplies,Pens
425,Furniture,Bookcases
426,Furniture,Chairs
427,Furniture,Chairs
428,Office Supplies,Binders
429,Furniture,Tables
430,Electronics,Phones
431,Furniture,Bookcases
432,Electronics,Electronic Games
433,Office Supplies,Paper
434,Office Supplies,Binders
435,Electronics,Electronic Games
436,Office Supplies,Paper
437,Electronics,Phones
438,Electronics,Laptops
439,Electronics,Laptops
440,Electronics,Laptops
441,Electronics,Laptops
442,Furniture,Bookcases
443,Furniture,Bookcases
444,Electronics,Phones
445,Office Supplies,Pens
446,Furniture,Tables
447,Office Supplies,Binders
448,Office Supplies,Paper
449,Office Supplies,Binders
450,Electronics,Phones
451,Electronics,Phones
452,Office Supplies,Paper
453,Office Supplies,Binders
454,Office Supplies,Binders
455,Office Supplies,Pens
456,Office Supplies,Pens
457,Office Supplies,Markers
458,Office Supplies,Markers
459,Office Supplies,Paper
460,Office Supplies,Paper
461,Electronics,Phones
462,Furniture,Chairs
463,Electronics,Printers
464,Electronics,Printers
465,Electronics,Laptops
466,Electronics,Laptops
467,Electronics,Laptops
468,Electronics,Electronic Games
469,Electronics,Electronic Games
470,Electronics,Electronic Games
471,Electronics,Printers
472,Electronics,Printers
473,Electronics,Electronic Games
474,Office Supplies,Pens
475,Office Supplies,Markers
476,Office Supplies,Markers
477,Office Supplies,Pens
478,Office Supplies,Pens
479,Furniture,Bookcases
480,Furniture,Bookcases
481,Office Supplies,Markers
482,Electronics,Electronic Games
483,Electronics,Phones
484,Office Supplies,Pens
485,Office Supplies,Pens
486,Furniture,Tables
487,Furniture,Chairs
488,Furniture,Tables
489,Office Supplies,Pens
490,Electronics,Laptops
491,Furniture,Bookcases
492,Furniture,Bookcases
493,Office Supplies,Markers
494,Office Supplies,Markers
495,Office Supplies,Paper
496,Office Supplies,Paper
497,Office Supplies,Paper
498,Electronics,Laptops
499,Electronics,Laptops
500,Electronics,Laptops
501,Electronics,Laptops
502,Office Supplies,Binders
503,Furniture,Bookcases
504,Office Supplies,Paper
505,Office Supplies,Paper
506,Office Supplies,Paper
507,Office Supplies,Paper
508,Electronics,Electronic Games
509,Electronics,Electronic Games
510,Electronics,Electronic Games
511,Electronics,Electronic Games
512,Office Supplies,Pens
513,Electronics,Printers
514,Electronics,Printers
515,Electronics,Electronic Games
516,Electronics,Electronic Games
517,Electronics,Printers
518,Office Supplies,Markers
519,Furniture,Chairs
520,Electronics,Electronic Games
521,Office Supplies,Pens
522,Office Supplies,Binders
523,Office Supplies,Paper
524,Office Supplies,Paper
525,Office Supplies,Paper
526,Furniture,Chairs
527,Furniture,Chairs
528,Furniture,Chairs
529,Furniture,Sofas
530,Electronics,Electronic Games
531,Electronics,Laptops
532,Electronics,Phones
533,Furniture,Chairs
534,Furniture,Chairs
535,Furniture,Chairs
536,Furniture,Chairs
537,Furniture,Chairs
538,Electronics,Printers
539,Electronics,Phones
540,Electronics,Electronic Games
541,Electronics,Electronic Games
542,Office Supplies,Markers
543,Office Supplies,Markers
544,Office Supplies,Markers
545,Office Supplies,Markers
546,Electronics,Printers
547,Electronics,Printers
548,Electronics,Phones
549,Electronics,Phones
550,Furniture,Chairs
551,Furniture,Sofas
552,Electronics,Phones
553,Electronics,Phones
554,Electronics,Phones
555,Electronics,Phones
556,Office Supplies,Markers
557,Office Supplies,Markers
558,Office Supplies,Markers
559,Office Supplies,Markers
560,Furniture,Tables
561,Furniture,Tables
562,Furniture,Tables
563,Furniture,Tables
564,Furniture,Tables
565,Electronics,Laptops
566,Office Supplies,Pens
567,Office Supplies,Pens
568,Furniture,Sofas
569,Furniture,Sofas
570,Furniture,Chairs
571,Furniture,Chairs
572,Office Supplies,Pens
573,Office Supplies,Pens
574,Electronics,Electronic Games
575,Electronics,Electronic Games
576,Office Supplies,Pens
577,Office Supplies,Pens
578,Office Supplies,Pens
579,Office Supplies,Pens
580,Furniture,Chairs
581,Furniture,Bookcases
582,Office Supplies,Binders
583,Electronics,Printers
584,Electronics,Laptops
585,Electronics,Laptops
586,Electronics,Phones
587,Furniture,Bookcases
588,Office Supplies,Paper
589,Office Supplies,Binders
590,Furniture,Tables
591,Furniture,Tables
592,Furniture,Tables
593,Furniture,Sofas
594,Office Supplies,Pens
595,Office Supplies,Pens
596,Office Supplies,Binders
597,Electronics,Printers
598,Office Supplies,Pens
599,Electronics,Phones
600,Office Supplies,Markers
601,Office Supplies,Binders
602,Office Supplies,Binders
603,Furniture,Bookcases
604,Furniture,Bookcases
605,Electronics,Electronic Games
606,Furniture,Tables
607,Electronics,Printers
608,Office Supplies,Pens
609,Furniture,Chairs
610,Office Supplies,Markers
611,Furniture,Tables
612,Furniture,Sofas
613,Office Supplies,Paper
614,Office Supplies,Pens
615,Office Supplies,Markers
616,Office Supplies,Markers
617,Office Supplies,Pens
618,Furniture,Chairs
619,Furniture,Chairs
620,Furniture,Bookcases
621,Furniture,Bookcases
622,Electronics,Electronic Games
623,Office Supplies,Markers
624,Electronics,Printers
625,Electronics,Printers
626,Furniture,Chairs
627,Furniture,Chairs
628,Furniture,Sofas
629,Furniture,Sofas
630,Office Supplies,Markers
631,Electronics,Electronic Games
632,Electronics,Electronic Games
633,Furniture,Tables
634,Furniture,Tables
635,Office Supplies,Binders
636,Furniture,Tables
637,Furniture,Tables
638,Furniture,Sofas
639,Furniture,Chairs
640,Electronics,Phones
641,Furniture,Tables
642,Furniture,Sofas
643,Furniture,Sofas
644,Furniture,Tables
645,Office Supplies,Binders
646,Furniture,Chairs
647,Furniture,Chairs
648,Electronics,Electronic Games
649,Electronics,Electronic Games
650,Office Supplies,Pens
651,Office Supplies,Pens
652,Furniture,Sofas
653,Furniture,Sofas
654,Furniture,Sofas
655,Office Supplies,Paper
656,Electronics,Electronic Games
657,Electronics,Electronic Games
658,Electronics,Electronic Games
659,Electronics,Electronic Games
660,Furniture,Chairs
661,Electronics,Laptops
662,Furniture,Sofas
663,Furniture,Sofas
664,Office Supplies,Binders
665,Office Supplies,Paper
666,Office Supplies,Markers
667,Office Supplies,Markers
668,Furniture,Tables
669,Furniture,Tables
670,Electronics,Phones
671,Electronics,Phones
672,Electronics,Phones
673,Office Supplies,Markers
674,Office Supplies,Markers
675,Office Supplies,Markers
676,Electronics,Printers
677,Office Supplies,Markers
678,Electronics,Printers
679,Office Supplies,Paper
680,Electronics,Printers
681,Furniture,Sofas
682,Electronics,Laptops
683,Furniture,Tables
684,Electronics,Laptops
685,Electronics,Electronic Games
686,Electronics,Electronic Games
687,Electronics,Phones
688,Electronics,Phones
689,Furniture,Chairs
690,Furniture,Chairs
691,Electronics,Electronic Games
692,Electronics,Electronic Games
693,Office Supplies,Markers
694,Office Supplies,Markers
695,Office Supplies,Markers
696,Office Supplies,Markers
697,Furniture,Bookcases
698,Furniture,Tables
699,Furniture,Tables
700,Furniture,Chairs
701,Furniture,Chairs
702,Furniture,Chairs
703,Office Supplies,Paper
704,Office Supplies,Paper
705,Furniture,Bookcases
706,Office Supplies,Pens
707,Office Supplies,Paper
708,Furniture,Tables
709,Furniture,Bookcases
710,Furniture,Bookcases
711,Furniture,Bookcases
712,Furniture,Bookcases
713,Electronics,Electronic Games
714,Office Supplies,Markers
715,Office Supplies,Markers
716,Furniture,Sofas
717,Furniture,Sofas
718,Office Supplies,Binders
719,Office Supplies,Binders
720,Electronics,Electronic Games
721,Furniture,Bookcases
722,Furniture,Chairs
723,Furniture,Sofas
724,Furniture,Sofas
725,Office Supplies,Paper
726,Electronics,Laptops
727,Electronics,Laptops
728,Electronics,Laptops
729,Electronics,Laptops
730,Furniture,Chairs
731,Furniture,Chairs
732,Furniture,Chairs
733,Furniture,Chairs
734,Office Supplies,Pens
735,Electronics,Electronic Games
736,Furniture,Chairs
737,Electronics,Printers
738,Electronics,Electronic Games
739,Electronics,Electronic Games
740,Office Supplies,Pens
741,Furniture,Chairs
742,Furniture,Chairs
743,Office Supplies,Markers
744,Furniture,Tables
745,Furniture,Tables
746,Furniture,Tables
747,Furniture,Tables
748,Furniture,Tables
749,Furniture,Tables
750,Furniture,Sofas
751,Furniture,Sofas
752,Furniture,Sofas
753,Furniture,Sofas
754,Furniture,Sofas
755,Furniture,Sofas
756,Electronics,Printers
757,Electronics,Printers
758,Furniture,Tables
759,Furniture,Tables
760,Furniture,Sofas
761,Furniture,Sofas
762,Electronics,Printers
763,Office Supplies,Pens
764,Electronics,Laptops
765,Furniture,Bookcases
766,Furniture,Chairs
767,Electronics,Phones
768,Office Supplies,Paper
769,Office Supplies,Paper
770,Electronics,Phones
771,Electronics,Printers
772,Office Supplies,Markers
773,Electronics,Laptops
774,Office Supplies,Binders
775,Office Supplies,Markers
776,Office Supplies,Markers
777,Office Supplies,Binders
778,Office Supplies,Markers
779,Office Supplies,Pens
780,Office Supplies,Paper
781,Office Supplies,Paper
782,Electronics,Laptops
783,Electronics,Laptops
784,Furniture,Tables
785,Electronics,Printers
786,Office Supplies,Binders
787,Office Supplies,Binders
788,Office Supplies,Markers
789,Office Supplies,Markers
790,Office Supplies,Binders
791,Furniture,Bookcases
792,Electronics,Phones
793,Electronics,Phones
794,Furniture,Bookcases
795,Furniture,Bookcases
796,Office Supplies,Pens
797,Office Supplies,Pens
798,Electronics,Electronic Games
799,Electronics,Electronic Games
800,Furniture,Bookcases
801,Office Supplies,Pens
802,Furniture,Bookcases
803,Office Supplies,Pens
804,Furniture,Tables
805,Furniture,Tables
806,Office Supplies,Pens
807,Furniture,Chairs
808,Furniture,Sofas
809,Furniture,Tables
810,Furniture,Tables
811,Furniture,Tables
812,Office Supplies,Binders
813,Office Supplies,Binders
814,Office Supplies,Paper
815,Office Supplies,Paper
816,Office Supplies,Paper
817,Office Supplies,Pens
818,Office Supplies,Pens
819,Office Supplies,Pens
820,Electronics,Phones
821,Electronics,Phones
822,Electronics,Phones
823,Electronics,Laptops
824,Office Supplies,Paper
825,Office Supplies,Pens
826,Office Supplies,Pens
827,Office Supplies,Pens
828,Furniture,Sofas
829,Furniture,Bookcases
830,Office Supplies,Pens
831,Electronics,Phones
832,Electronics,Phones
833,Furniture,Chairs
834,Furniture,Chairs
835,Electronics,Laptops
836,Electronics,Phones
837,Office Supplies,Pens
838,Furniture,Sofas
839,Electronics,Phones
840,Electronics,Phones
841,Office Supplies,Binders
842,Electronics,Electronic Games
843,Office Supplies,Markers
844,Office Supplies,Markers
845,Electronics,Printers
846,Electronics,Printers
847,Furniture,Chairs
848,Furniture,Chairs
849,Electronics,Electronic Games
850,Office Supplies,Binders
851,Office Supplies,Binders
852,Office Supplies,Markers
853,Office Supplies,Markers
854,Furniture,Sofas
855,Electronics,Printers
856,Electronics,Printers
857,Office Supplies,Markers
858,Office Supplies,Markers
859,Electronics,Phones
860,Electronics,Phones
861,Electronics,Printers
862,Electronics,Printers
863,Furniture,Tables
864,Office Supplies,Markers
865,Furniture,Bookcases
866,Office Supplies,Markers
867,Furniture,Tables
868,Furniture,Tables
869,Office Supplies,Pens
870,Furniture,Bookcases
871,Furniture,Bookcases
872,Furniture,Bookcases
873,Electronics,Phones
874,Electronics,Phones
875,Electronics,Phones
876,Office Supplies,Markers
877,Furniture,Sofas
878,Office Supplies,Pens
879,Electronics,Phones
880,Electronics,Phones
881,Furniture,Sofas
882,Furniture,Sofas
883,Office Supplies,Markers
884,Furniture,Chairs
885,Electronics,Printers
886,Electronics,Printers
887,Furniture,Sofas
888,Furniture,Sofas
889,Office Supplies,Pens
890,Furniture,Sofas
891,Furniture,Chairs
892,Furniture,Chairs
893,Electronics,Printers
894,Electronics,Printers
895,Electronics,Printers
896,Electronics,Printers
897,Electronics,Laptops
898,Electronics,Laptops
899,Office Supplies,Markers
900,Office Supplies,Markers
901,Office Supplies,Pens
902,Furniture,Chairs
903,Furniture,Chairs
904,Furniture,Chairs
905,Furniture,Tables
906,Furniture,Tables
907,Furniture,Tables
908,Office Supplies,Paper
909,Office Supplies,Paper
910,Electronics,Laptops
911,Electronics,Phones
912,Office Supplies,Paper
913,Electronics,Printers
914,Furniture,Chairs
915,Office Supplies,Binders
916,Electronics,Electronic Games
917,Electronics,Phones
918,Electronics,Phones
919,Office Supplies,Markers
920,Electronics,Phones
921,Office Supplies,Pens
922,Office Supplies,Markers
923,Electronics,Printers
924,Furniture,Bookcases
925,Electronics,Electronic Games
926,Electronics,Electronic Games
927,Furniture,Sofas
928,Office Supplies,Pens
929,Electronics,Printers
930,Furniture,Sofas
931,Furniture,Chairs
932,Furniture,Tables
933,Office Supplies,Paper
934,Office Supplies,Paper
935,Electronics,Phones
936,Electronics,Printers
937,Electronics,Printers
938,Electronics,Printers
939,Office Supplies,Paper
940,Office Supplies,Paper
941,Office Supplies,Paper
942,Electronics,Electronic Games
943,Office Supplies,Paper
944,Electronics,Printers
945,Furniture,Tables
946,Furniture,Tables
947,Furniture,Tables
948,Electronics,Printers
949,Electronics,Printers
950,Electronics,Printers
951,Furniture,Sofas
952,Office Supplies,Paper
953,Office Supplies,Paper
954,Office Supplies,Paper
955,Furniture,Tables
956,Electronics,Electronic Games
957,Electronics,Electronic Games
958,Furniture,Chairs
959,Furniture,Chairs
960,Office Supplies,Binders
961,Furniture,Bookcases
962,Office Supplies,Markers
963,Electronics,Laptops
964,Electronics,Printers
965,Office Supplies,Paper
966,Furniture,Sofas
967,Furniture,Sofas
968,Office Supplies,Pens
969,Office Supplies,Pens
970,Furniture,Bookcases
971,Furniture,Bookcases
972,Office Supplies,Paper
973,Electronics,Laptops
974,Electronics,Laptops
975,Furniture,Sofas
976,Furniture,Chairs
977,Office Supplies,Paper
978,Office Supplies,Paper
979,Office Supplies,Paper
980,Office Supplies,Paper
981,Furniture,Tables
982,Furniture,Bookcases
983,Electronics,Laptops
984,Office Supplies,Markers
985,Office Supplies,Markers
986,Office Supplies,Markers
987,Office Supplies,Markers
988,Office Supplies,Markers
989,Office Supplies,Binders
990,Office Supplies,Binders
991,Office Supplies,Binders
992,Office Supplies,Binders
993,Office Supplies,Binders
994,Office Supplies,Binders
995,Furniture,Tables
996,Furniture,Tables
997,Furniture,Tables
998,Furniture,Tables
999,Furniture,Tables
1000,Furniture,Tables
1001,Office Supplies,Paper
1002,Office Supplies,Paper
1003,Office Supplies,Paper
1004,Furniture,Sofas
1005,Furniture,Sofas
1006,Electronics,Electronic Games
1007,Office Supplies,Markers
1008,Electronics,Phones
1009,Electronics,Phones
1010,Furniture,Chairs
1011,Electronics,Electronic Games
1012,Electronics,Laptops
1013,Office Supplies,Paper
1014,Office Supplies,Paper
1015,Office Supplies,Paper
1016,Furniture,Sofas
1017,Furniture,Sofas
1018,Electronics,Electronic Games
1019,Electronics,Electronic Games
1020,Furniture,Chairs
1021,Electronics,Printers
1022,Electronics,Printers
1023,Furniture,Chairs
1024,Furniture,Chairs
1025,Office Supplies,Pens
1026,Office Supplies,Pens
1027,Office Supplies,Markers
1028,Office Supplies,Markers
1029,Office Supplies,Markers
1030,Office Supplies,Markers
1031,Office Supplies,Pens
1032,Office Supplies,Pens
1033,Electronics,Printers
1034,Office Supplies,Pens
1035,Office Supplies,Binders
1036,Electronics,Phones
1037,Furniture,Sofas
1038,Furniture,Sofas
1039,Electronics,Printers
1040,Electronics,Printers
1041,Furniture,Bookcases
1042,Furniture,Bookcases
1043,Office Supplies,Pens
1044,Electronics,Laptops
1045,Office Supplies,Pens
1046,Furniture,Tables
1047,Furniture,Tables
1048,Furniture,Tables
1049,Electronics,Printers
1050,Electronics,Phones
1051,Electronics,Phones
1052,Electronics,Electronic Games
1053,Electronics,Electronic Games
1054,Electronics,Phones
1055,Furniture,Bookcases
1056,Furniture,Bookcases
1057,Office Supplies,Pens
1058,Office Supplies,Pens
1059,Electronics,Phones
1060,Furniture,Bookcases
1061,Office Supplies,Markers
1062,Office Supplies,Markers
1063,Furniture,Bookcases
1064,Electronics,Electronic Games
1065,Electronics,Electronic Games
1066,Electronics,Electronic Games
1067,Furniture,Sofas
1068,Electronics,Phones
1069,Electronics,Phones
1070,Electronics,Printers
1071,Electronics,Laptops
1072,Furniture,Bookcases
1073,Furniture,Bookcases
1074,Furniture,Bookcases
1075,Electronics,Laptops
1076,Office Supplies,Markers
1077,Electronics,Laptops
1078,Electronics,Laptops
1079,Furniture,Bookcases
1080,Furniture,Bookcases
1081,Electronics,Electronic Games
1082,Electronics,Electronic Games
1083,Furniture,Bookcases
1084,Furniture,Bookcases
1085,Office Supplies,Binders
1086,Electronics,Phones
1087,Office Supplies,Paper
1088,Electronics,Electronic Games
1089,Electronics,Electronic Games
1090,Electronics,Electronic Games
1091,Office Supplies,Pens
1092,Office Supplies,Pens
1093,Electronics,Printers
1094,Office Supplies,Markers
1095,Office Supplies,Paper
1096,Office Supplies,Markers
1097,Office Supplies,Markers
1098,Office Supplies,Markers
1099,Furniture,Tables
1100,Furniture,Tables
1101,Furniture,Tables
1102,Furniture,Bookcases
1103,Electronics,Laptops
1104,Electronics,Phones
1105,Electronics,Phones
1106,Furniture,Sofas
1107,Furniture,Bookcases
1108,Furniture,Sofas
1109,Furniture,Bookcases
1110,Office Supplies,Markers
1111,Office Supplies,Markers
1112,Furniture,Sofas
1113,Electronics,Laptops
1114,Electronics,Printers
1115,Furniture,Sofas
1116,Electronics,Phones
1117,Furniture,Bookcases
1118,Furniture,Bookcases
1119,Furniture,Sofas
1120,Electronics,Laptops
1121,Furniture,Sofas
1122,Electronics,Laptops
1123,Electronics,Laptops
1124,Electronics,Phones
1125,Office Supplies,Markers
1126,Electronics,Laptops
1127,Electronics,Electronic Games
1128,Electronics,Printers
1129,Office Supplies,Paper
1130,Office Supplies,Paper
1131,Furniture,Tables
1132,Electronics,Laptops
1133,Electronics,Laptops
1134,Electronics,Laptops
1135,Office Supplies,Markers
1136,Electronics,Laptops
1137,Electronics,Printers
1138,Electronics,Printers
1139,Furniture,Sofas
1140,Furniture,Sofas
1141,Electronics,Electronic Games
1142,Office Supplies,Paper
1143,Electronics,Electronic Games
1144,Electronics,Electronic Games
1145,Electronics,Phones
1146,Furniture,Sofas
1147,Office Supplies,Paper
1148,Furniture,Sofas
1149,Office Supplies,Pens
1150,Office Supplies,Pens
1151,Office Supplies,Paper
1152,Furniture,Tables
1153,Furniture,Tables
1154,Office Supplies,Binders
1155,Furniture,Sofas
1156,Furniture,Sofas
1157,Furniture,Tables
1158,Furniture,Tables
1159,Office Supplies,Markers
1160,Office Supplies,Markers
1161,Office Supplies,Pens
1162,Office Supplies,Pens
1163,Electronics,Laptops
1164,Electronics,Laptops
1165,Electronics,Laptops
1166,Electronics,Electronic Games
1167,Electronics,Electronic Games
1168,Office Supplies,Pens
1169,Office Supplies,Markers
1170,Office Supplies,Markers
1171,Furniture,Bookcases
1172,Office Supplies,Markers
1173,Electronics,Laptops
1174,Furniture,Sofas
1175,Furniture,Sofas
1176,Electronics,Laptops
1177,Electronics,Phones
1178,Furniture,Tables
1179,Furniture,Tables
1180,Furniture,Tables
1181,Office Supplies,Paper
1182,Office Supplies,Paper
1183,Electronics,Electronic Games
1184,Electronics,Electronic Games
1185,Office Supplies,Binders
1186,Furniture,Sofas
1187,Furniture,Bookcases
1188,Furniture,Bookcases
1189,Electronics,Electronic Games
1190,Furniture,Tables
1191,Electronics,Phones
1192,Electronics,Phones
1193,Electronics,Phones
1194,Office Supplies,Markers
